,patient_id,Dossier_exists_in_ecg,included,lqts_type,sex,dob,ethnicity,Testing_modality,date_testing,age_testing,variant_gene,variant_cdna,variant_protein,variant_class,variant_comments,date_ecg_outpatient,age_ecg_outpatient,qt_manual_ecg_outpatient,qt_exclude,Diagnostico a revisar,Diagnosis,status,Comments,KCNH2,KCNQ1,Colonne4,Columna4,Columna5,Columna6,Dossier,Genotype
0,396027,True,1,Control,0.0,8/12/62,4.0,0.0,1/21/11,48.58,0,c.3308C>A,p.Ser1103Tyr,MODIF.,Cat 3 SCN5A c.3308C>A,,,,,,"Screening fam MS, QT limite",Cas Index,,1.0,1.0,,00559,score LQTS=2.5,,396027,0
1,10715,True,1,Control,1.0,4/21/59,1.0,0.0,7/24/19,60.42,0,c.12919C>T,,VUS,VUS RYR2,3/12/14,,,,,Mort subite inexpliqué (mais prolapsus mitral),Cas Index,,1.0,1.0,,000A1,,,10715,0
2,49469,True,1,Control,0.0,6/8/60,1.0,0.0,9/27/18,58.46,0,,,,,,,,,,FV Idiopathique,Cas Index,,1.0,1.0,,02782,Définitif,,49469,0
3,110363,True,1,Control,1.0,7/26/57,1.0,1.0,11/5/09,52.42,0,,p.Ile19Ser,VUS,Cat 3 KCNH2 I19S,,,,,,Syndrome du QT long,Membre Famille,,1.0,,,00021,Définitif,Définitif,110363,0
4,116147,True,1,Control,1.0,2/12/59,1.0,0.0,1/1/13,54.03,0,,,,,9/14/09,,,,,Autre diagnostic,Cas Index,,1.0,1.0,,00110,score LQTS=4 mais peu probable,,116147,0
5,133506,True,1,Control,1.0,1/11/30,1.0,0.0,11/24/11,82.09,0,,,,,,,,,,Syndrome du QT long,Cas Index,,1.0,1.0,,00662,Définitif,Définitif,133506,0
6,188250,True,1,Control,1.0,10/4/68,1.0,0.0,2/21/07,38.49,0,,,,,4/22/16,,,,,"TV, suspicion LQTS",Membre Famille,,1.0,1.0,,00090,prolapsus mitral,,188250,0
7,200270,True,1,Control,1.0,12/24/64,1.0,1.0,3/12/20,55.37,0,,,,,3/12/20,,,,,Syndrome du QT long,Membre Famille,,,1.0,,00045,pas de LQT,,200270,0
8,200443,True,1,Control,1.0,3/29/76,1.0,0.0,11/16/17,41.75,0,,,,,,,,,,Bradycardie pour l’âge (enfance),Cas Index,,1.0,1.0,,02478,,,200443,0
9,207024,True,1,LQT2,1.0,10/30/75,1.0,0.0,11/4/21,46.14,2,c.3092del,p.Gly1031ValfsTer26,1,path (KCNH2),,,,,,Syndrome du QT long,Cas Index,,1.0,1.0,,04587,Définitif,Définitif,207024,Type 2
10,218702,True,1,Control,1.0,11/3/69,1.0,0.0,2/3/17,47.38,0,,,,,,,,,,Syndrome du QT long,Cas Index,,1.0,1.0,,02149,Possible,Possible,218702,0
11,218973,True,1,Control,0.0,6/15/62,1.0,0.0,12/16/20,58.67,0,,,,,,,,,,Autre diagnostic,Cas Index,,1.0,1.0,,03853,TV polymorphe sans critère CPVT,,218973,0
12,235652,True,1,LQT2,1.0,7/16/40,1.0,0.0,9/20/18,78.39,0,,p.S906L,,L PathKCNH2 c.2717C>T,,,,,,Syndrome du QT long,Cas Index,,1.0,1.0,,02173,Définitif,Définitif,235652,Type 2
13,236437,True,1,Control,0.0,1/7/48,1.0,0.0,12/7/21,74.12,0,,,,,,,,,,,Cas Index,,1.0,1.0,,04540,,,236437,0
14,245144,True,1,Control,0.0,9/11/48,1.0,0.0,1/1/11,62.48,0,,,,,,,,,,FV Idiopathique,Cas Index,,1.0,1.0,,00465,Possible,,245144,0
15,249146,True,1,Control,1.0,3/1/63,1.0,0.0,8/14/16,53.6,0,,,,,,,,,,Cardiomyopathie autre,Cas Index,,1.0,1.0,,01969,Définitif,non isch.,249146,0
16,278226,True,1,Control,0.0,11/23/53,1.0,0.0,8/25/21,67.94,0,,,,,,,,,,,Cas Index,,1.0,1.0,,04245,,,278226,0
17,287723,True,1,Control,1.0,2/28/70,1.0,0.0,4/1/07,37.19,0,,,,,11/6/14,,,,,FV Idiopathique,Cas Index,,1.0,1.0,,00016,Définitif,,287723,0
18,304661,True,1,Control,0.0,3/21/90,1.0,0.0,11/22/10,20.73,0,,,,,1/20/10,,,,,Absence de maladie génétique cardiaque,Membre Famille,First EKG 2010?,1.0,1.0,,00002,,,304661,0
19,306100,True,1,Control,1.0,1/19/62,1.0,0.0,8/21/14,52.73,0,,,,,,,,,,Autre diagnostic,Cas Index,,1.0,1.0,,01296,pas d'évidence de la condition familiale,,306100,0
20,309262,True,1,Control,0.0,9/14/49,1.0,0.0,11/19/12,63.35,0,,,,,,,,,,Syndrome du QT long,Cas Index,,1.0,1.0,,00817,,,309262,0
21,313421,True,1,Control,1.0,4/24/66,1.0,0.0,11/9/16,50.68,0,,,,,,,,,,Mort subite inexpliquée <30 ans chez...,Cas Index,,1.0,1.0,,01084,,,313421,0
22,314928,True,1,Control,0.0,10/6/79,1.0,0.0,4/11/19,39.62,0,,,,,,,,,,Syndrome du QT long,Cas Index,,1.0,1.0,,03116,Possible,Possible,314928,0
23,326332,True,1,Control,1.0,5/1/82,1.0,0.0,12/13/18,36.72,0,,,,,,,,,,Non compaction VG,Cas Index,,1.0,1.0,,02920,Possible,,326332,0
24,329232,True,1,LQT1,1.0,3/13/23,1.0,0.0,7/2/14,91.56,0,,G168R and P73T,1,Cat 3 KCNQ1 c.217C>A et c.502G>C,,,,,,Histoire familiale définitive de LQTS,Cas Index,,1.0,1.0,,01268,,,329232,LQT1
25,332572,True,1,Control,1.0,8/30/70,1.0,0.0,4/1/21,50.73,0,,,,,,,,,,Syndrome du QT long,Cas Index,,1.0,1.0,,04019,Possible,Possible,332572,0
26,336808,True,1,Control,0.0,5/22/53,1.0,0.0,1/24/19,65.86,0,,,,,,,,,,Autre diagnostic,Cas Index,,1.0,1.0,,03023,TVNS polymorphe avec syncope,,336808,0
27,345303,True,1,Control,1.0,9/8/49,1.0,0.0,11/22/18,69.39,0,,,,,,,,,,Syndrome du QT long,Cas Index,,1.0,1.0,,02885,Possible,Possible,345303,0
28,347453,True,1,Control,1.0,2/27/79,1.0,0.0,3/23/16,37.17,0,,,,,,,,,,Absence de maladie génétique cardiaque,Cas Index,,1.0,1.0,,01533,,,347453,0
29,351282,True,1,LQT1,1.0,12/10/80,1.0,1.0,10/8/06,25.9,1,?,G603R,1,KCNQ1 (Path),12/10/09,,,,,QTc (ms) ≥ 480,Membre Famille,ECG muy posterior a anàlisis genético,,1.0,,00009,,,351282,LQT1
30,360568,True,1,Control,1.0,12/15/52,1.0,0.0,9/15/10,57.91,0,,,,,,,,,,Syndrome du QT long,Cas Index,,1.0,1.0,,00495,,,360568,0
31,362024,True,1,Control,,12/5/50,1.0,0.0,7/9/09,58.75,0,,A172V,3,Cat 4 KCNH2 A172V (VUS),8/4/11,,,,,Syndrome du QT long,Cas Index,,1.0,1.0,,00030,,,362024,0
32,368117,True,1,LQT1,1.0,8/24/70,1.0,1.0,10/23/12,42.28,0,,G168R and P73T,1,Cat 3 KCNQ1 c.27C>A et c.502G>C (p.G168R),8/30/05,,,,,Histoire familiale définitive de LQTS,Membre Famille,,,1.0,"KCNH2 aussi mais en 2006, discrepances",00045,,,368117,LQT1
33,370207,True,1,Control,0.0,2/10/48,1.0,0.0,4/13/17,69.36,0,,,,,,,,,,Autre diagnostic,Cas Index,,1.0,1.0,,02253,ESV/TVNS,,370207,0
34,374472,True,1,LQT1,1.0,11/28/36,1.0,0.0,10/2/18,82.07,1,c.674C>T,p.Ser225Leu,1,,,,,,,,Cas Index,,1.0,1.0,,02792,,,374472,LQT1
35,374639,True,1,Control,1.0,10/10/75,,0.0,5/31/11,35.74,0,,,,,6/8/12,,,,,FV idiopathique,Cas Index,,1.0,1.0,,00344,Définitif,,374639,0
36,379843,True,1,LQT1,1.0,10/18/01,1.0,0.0,1/19/09,7.28,1,,G168R/P73T/D454TfsX6,1,2 more variants. G168R (c.502G>C) and D474TfsX6 (c.1360_1375del16bp),8/8/06,,,,,Syndrome du QT long,Cas Index,,1.0,1.0,,00045,Définitif,Définitif,379843,LQT1
37,379845,True,1,LQT1,0.0,7/1/61,1.0,1.0,1/19/09,47.68,1,c.1360_1375del16bp,D474TfsX6,1,The other 2 familial variants are not present,8/8/06,,,,,Syndrome du QT long,Membre Famille,BBD,,1.0,,00045,,,379845,LQT1
38,380017,True,1,Control,1.0,11/30/51,1.0,0.0,1/10/19,67.3,0,,,,,,,,,,FV Idiopathique,Cas Index,,1.0,1.0,,02984,Définitif,,380017,0
39,385569,True,1,Control,1.0,1/10/74,1.0,0.0,11/29/10,36.99,0,,,,,2/19/10,,,,,FV idiopathique,Cas Index,,1.0,1.0,,00081,Possible,TFC : Absent,385569,0
40,386379,True,1,Control,0.0,3/19/47,1.0,1.0,3/26/09,62.19,0,,,,,2/7/07,,,,,Histoire familiale  de LQTS,Membre Famille,,,1.0,,00118,,,386379,0
41,386380,True,1,Control,1.0,3/18/76,1.0,1.0,8/17/15,39.52,0,,,,,2/7/07,,,,,Histoire familiale  de LQTS,Membre Famille,,,1.0,,00118,,,386380,0
42,387199,True,1,Control,1.0,5/4/88,1.0,0.0,3/1/07,18.87,0,,,,,6/14/07,,,,,FV idiopathique,Cas Index,,1.0,1.0,,00099,,,387199,0
43,387644,True,1,Control,1.0,6/20/73,1.0,0.0,3/14/07,33.82,0,,,,,3/14/07,,,,,"Syncope au repos, QTc limite",Cas Index,,1.0,1.0,,00095,,,387644,0
44,388543,True,1,Control,1.0,6/24/64,1.0,0.0,4/11/07,42.91,0,,,,,4/11/07,,,,,Histoire familiale  de LQTS,Membre Famille,,1.0,1.0,,00102,score LQTS=0.5,,388543,0
45,388809,True,1,Control,1.0,8/3/62,1.0,0.0,4/18/07,44.83,0,,,,,4/18/07,,,,,Syndrome du QT long,Cas Index,,1.0,1.0,,00103,,,388809,0
46,392559,True,1,LQT1,1.0,10/9/62,1.0,1.0,6/17/11,48.82,0,,R555H,1,Cat 3 KCNQ1 R555H,8/15/07,,,,,Syndrome du QT long,Membre Famille,,,1.0,,00165,,,392559,LQT1
47,394168,True,1,Control,1.0,3/10/56,1.0,0.0,11/5/07,51.8,0,,,,,10/1/07,,,,,Syndrome du QT long,Cas Index,,1.0,1.0,,00184,,,394168,0
48,394439,True,1,Control,1.0,9/13/68,1.0,0.0,10/10/07,39.18,0,,,,,10/10/07,,,,,FV Idiopathique,Cas Index,,1.0,1.0,,00175,Définitif,,394439,0
49,396221,True,1,Control,1.0,10/18/79,1.0,0.0,7/12/13,33.83,0,,,,,11/23/07,,,,,Syndrome du QT long,Cas Index,,1.0,1.0,,00228,,,396221,0
50,396248,True,1,LQT1,1.0,1/4/89,1.0,1.0,11/23/07,18.93,1,,Y522X,1,,6/25/08,,,,,Histoire familiale définitive de LQTS,Membre Famille,,,1.0,,00168,,,396248,LQT1
51,396249,True,1,LQT1,1.0,9/5/64,1.0,1.0,11/23/07,43.33,1,,Y522X,1,,,,,,,Syndrome du QT long,Membre Famille,,,1.0,,00168,,,396249,LQT1
52,396250,True,1,LQT1,0.0,2/23/58,1.0,1.0,11/23/07,49.88,1,,Y522X,1,,,,,,,Syndrome du QT long,Membre Famille,,,1.0,,00168,,,396250,LQT1
53,399174,True,1,Control,1.0,7/11/38,1.0,0.0,2/13/08,69.78,0,,,,,2/13/08,,,,,Syndrome du QT long,Cas Index,,1.0,1.0,,00217,,,399174,0
54,403419,True,1,LQT2,1.0,2/20/75,1.0,0.0,6/11/08,33.4,0,,S906L,1,Cat 3 KCNH2 S906L,6/2/08,,,,,QTc (ms) 460-479,Cas Index,,1.0,1.0,,00231,,,403419,Type 2
55,404219,True,1,LQT2,1.0,3/1/63,1.0,1.0,6/25/08,45.44,0,,M713X,1,Cat 3 KCNH2 M713X,5/25/08,,,,,Syndrome du QT long,Membre Famille,,1.0,,,00083,,,404219,Type 2
56,407083,True,1,Control,1.0,3/2/94,1.0,0.0,9/22/08,14.6,0,,,,,9/22/09,,,,,Syndrome du QT long,Cas Index,,1.0,1.0,,00246,,,407083,0
57,407269,True,1,Control,0.0,3/14/56,1.0,0.0,11/17/16,60.85,0,,,,,9/27/08,,,,,FV Idiopathique,Cas Index,,1.0,1.0,,00296,Définitif,,407269,0
58,407668,True,1,Control,1.0,5/2/64,1.0,0.0,4/24/13,49.11,0,,,,,10/10/08,,,,,Syndrome du QT long,Cas Index,,1.0,1.0,,00254,,,407668,0
59,410994,True,1,Control,0.0,7/10/52,1.0,0.0,1/15/09,56.67,0,,,,,1/15/09,,,,,QTc (ms) 460-479,Cas Index,,1.0,1.0,,00253,,,410994,0
60,413837,True,1,Control,1.0,5/30/91,1.0,0.0,10/15/09,18.43,0,,,,,4/2/09,,,,,Syndrome du QT long,Cas Index,,1.0,1.0,,00350,,,413837,0
61,415308,True,1,LQT2,1.0,7/11/71,1.0,1.0,5/9/13,41.94,2,,L955V,1,,,,,,,Syndrome du QT long,Membre Famille,,1.0,,,00014,,,415308,Type 2
62,416508,True,1,LQT2,1.0,10/17/76,1.0,0.0,9/18/14,38.02,0,,p.S181WfsX21,1,Cat 3 KCNH2 c.537_545dupGGTGCGGT  p.S181WfsX21,,,,,,Histoire familiale définitive de LQTS,Cas Index,,1.0,1.0,,00825,,,416508,Type 2
63,417986,True,1,Control,1.0,8/26/65,1.0,0.0,1/25/18,52.56,0,,,,,7/28/09,,,,,Syndrome du QT long,Cas Index,,1.0,1.0,,00130,Définitif,,417986,0
64,418475,True,1,Control,1.0,4/1/56,1.0,0.0,12/20/18,62.89,0,,,,,,,,,,Syndrome du QT long,Cas Index,,1.0,1.0,,02953,Définitif,Définitif,418475,0
65,420595,True,1,Control,1.0,5/6/75,1.0,0.0,3/3/10,34.92,0,,,,,,,,,,FV Idiopathique,Cas Index,,1.0,1.0,,00412,Définitif,,420595,0
66,421242,True,1,Control,1.0,6/27/78,1.0,1.0,10/29/09,31.43,0,,A172V,3,Cat 4 KCNH2 A172V,1/11/10,,,,,Syndrome du QT long,Membre Famille,,1.0,,,00030,,,421242,0
67,423417,True,1,Control,0.0,9/18/59,1.0,0.0,1/6/10,50.44,0,,,,,,,,,,Autre diagnostic,Cas Index,,1.0,1.0,,00371,MORT SUBITE,,423417,0
68,424061,True,1,LQT1,0.0,8/29/69,1.0,1.0,10/23/09,40.26,1,c.467T>C,p.Leu156Pro,2,,,,,,,Autre diagnostic,Membre Famille,,,1.0,,00408,maladie valve ao bicuspide,,424061,LQT1
69,425640,True,1,LQT1,1.0,8/2/70,1.0,1.0,2/26/10,39.68,1,c.467T>C,p.Leu156Pro,2,,,,,,,Screening + QT long,Membre Famille,,,1.0,,00408,,,425640,LQT1
70,426404,True,1,Control,1.0,6/28/48,1.0,1.0,3/17/10,61.89,0,,,,,1/19/11,,,,,,Membre Famille,,1.0,,,00030,,,426404,0
71,426406,True,1,Control,1.0,10/3/43,1.0,1.0,3/17/10,66.64,0,,,,,1/19/11,,,,,,Membre Famille,,1.0,,,00030,,,426406,0
72,426407,True,1,Control,0.0,3/26/55,1.0,1.0,3/17/10,55.13,0,,,,,12/20/22,,,,,Cardiomyopathie autre,Membre Famille,,1.0,,,00030,Définitif,ROH,426407,0
73,426408,True,1,Control,1.0,2/16/62,1.0,1.0,3/17/10,48.21,0,,,,,4/11/11,,,,,Autre diagnostic,Membre Famille,,1.0,,,00030,palpitations,,426408,0
74,426936,True,1,Control,1.0,6/8/92,1.0,0.0,10/5/10,18.37,0,,,,,,,,,,Syndrome du QT long possible,Cas Index,,1.0,1.0,,00503,,,426936,0
75,427749,True,1,LQT2,1.0,2/19/68,1.0,1.0,4/21/10,42.28,0,,p.L955V,2,Cat 4 KCNH2 S937N,4/8/11,,,,,Syndrome du QT long,Membre Famille,,1.0,,,00014,Possible,Possible,427749,Type 2
76,427989,True,1,Control,1.0,6/19/59,1.0,0.0,11/17/16,57.57,0,,,,,,,,,,Syndrome du QT long,Cas Index,,1.0,1.0,,01980,,,427989,0
77,429022,True,1,Control,0.0,6/12/93,1.0,0.0,4/26/11,17.92,0,,,,,,,,,,FV Idiopathique,Cas Index,,1.0,1.0,,00462,Définitif,,429022,0
78,429144,True,1,Control,1.0,11/3/75,1.0,0.0,9/17/15,39.98,0,,,,,,,,,,Syndrome du QT long,Cas Index,,1.0,1.0,,01662,Possible,Possible,429144,0
79,429561,True,1,LQT2,1.0,12/5/48,1.0,0.0,10/28/11,63.07,2,c.2863C>G,p.L955V,2,,,,,,,Syndrome du QT long,Cas Index,,1.0,1.0,,00646,,,429561,Type 2
80,429587,True,1,Control,1.0,10/23/77,1.0,0.0,6/22/10,32.75,0,,,,,6/10/10,,,,,Histoire familiale définitive de LQTS,Membre Famille,,1.0,,,00064,score LQTS=0,,429587,0
81,429984,True,1,Control,0.0,2/5/74,1.0,1.0,6/22/10,36.47,0,,,,,7/16/10,,,,,Histoire familiale définitive de LQTS,Membre Famille,,1.0,,,00064,LQTS score=0,,429984,0
82,430243,True,1,Control,0.0,5/26/52,1.0,1.0,6/30/10,58.25,0,,,,,6/30/10,,,,,,Membre Famille,,1.0,,,00030,,,430243,0
83,432356,True,1,Control,1.0,12/9/78,1.0,0.0,9/3/10,31.82,0,,R176W,MODIF.,Cat 3 KCNH2 c.526C>T p.R176W,,,,,,Screening familial + QT long,Cas Index,,1.0,1.0,,00491,,,432356,0
84,433512,True,1,Control,1.0,4/8/51,1.0,0.0,10/8/10,59.67,0,,R1193Q,MODIF.,Cat 4 SCN5A c.3578G>A p.R1193Q,,,,,,Syndrome du QT long possible,Cas Index,,1.0,1.0,,00508,score LQTS=0,,433512,0
85,433949,True,1,Control,1.0,6/15/91,1.0,0.0,3/9/11,19.79,0,,,,,,,,,,Syndrome du QT long possible,Cas Index,,1.0,1.0,,00567,,,433949,0
86,436378,True,1,LQT1,0.0,2/2/36,1.0,1.0,11/27/15,80.04,1,c.467T>C,p.Leu156Pro,2,,,,,,,"Screening familial, QT long",Membre Famille,,,1.0,,00408,,,436378,LQT1
87,436983,True,1,Control,1.0,8/28/77,1.0,0.0,1/7/11,33.45,0,,,,,,,,,,Screening familial MS + QT limite,Cas Index,,1.0,1.0,,00553,"score LQTS=0, autopsie de la mere:maladie coronarienne severe",,436983,0
88,440560,True,1,Control,1.0,7/28/49,1.0,1.0,4/7/11,61.86,0,,S937N,3,Cat 4 KCNH2 S937N,4/8/11,,,,,Syndrome du QT long,Membre Famille,,1.0,,,00014,PorteurSansPhéno,PorteurSansPhéno,440560,0
89,441358,True,1,Control,0.0,11/4/48,1.0,0.0,6/7/12,63.76,0,,,,,,,,,,FV idiopathique,Cas Index,,1.0,1.0,,00731,,,441358,0
90,441854,True,1,Control,0.0,9/8/65,1.0,0.0,6/27/14,48.93,0,,,,,,,,,,FV Idiopathique,Cas Index,,1.0,1.0,,01270,Définitif,,441854,0
91,441940,True,1,LQT2,1.0,4/17/81,1.0,1.0,5/18/11,30.17,0,,p.H1151QfsextX107,2,Cat 3 KCNH2 c.3451-3452delCA p.H1151QfsextX107,,,,,,"Screening familial, QT long",Membre Famille,,1.0,,,00602,,,441940,Type 2
92,441947,True,1,Control,0.0,6/8/73,1.0,1.0,5/18/11,38.05,0,,,3,Cat 4 KCNH2 c.2263G>A p.A755T,,,,,,"Screening familial, QT long",Cas Index,,1.0,,,00603,score LQTS=0,,441947,0
93,443067,True,1,LQT1,1.0,2/11/85,1.0,1.0,4/13/18,33.26,1,c.584G>C,p.Arg195Pro,2,KCNQ1,,,,,,"Screening familial, QT long",Membre Famille,,,1.0,,00586,,,443067,LQT1
94,443068,True,1,Control,1.0,10/21/71,1.0,1.0,10/5/11,40.07,0,,,,,,,,,,"Screening familial, QT normal",Membre Famille,,,1.0,,00586,Hx familiale LQT,,443068,0
95,445296,True,1,LQT1,1.0,1/27/92,1.0,0.0,8/24/11,19.63,0,,R752W,1,Cat 3 KCNH2 c.2254C>T,,,,,,Syndrome du QT long possible,Cas Index,,1.0,1.0,,00627,Possible,Possible,445296,LQT1
96,445510,True,1,LQT1,0.0,10/2/67,1.0,1.0,11/16/11,44.24,0,,p.Arg195Pro,2,Cat 3 KCNQ1 c.584G>C p.R15P,,,,,,"Screening familial, QT long",Membre Famille,,,1.0,,00586,,,445510,LQT1
97,446168,True,1,Control,1.0,5/10/90,1.0,0.0,4/4/17,26.98,0,,,3,VUS ANK2,,,,,,Syndrome du QT long possible,Cas Index,,1.0,1.0,,02241,syncope,,446168,0
98,446483,True,1,Control,1.0,5/2/50,1.0,0.0,6/28/12,62.33,0,,,,,,,,,,FV Idiopathique,Cas Index,,1.0,1.0,,00746,Définitif,,446483,0
99,451441,True,1,Control,1.0,5/30/66,1.0,0.0,3/12/12,45.91,0,,,,,,,,,,Syndrome du QT long,Cas Index,,1.0,1.0,,00686,Définitif,Définitif,451441,0
100,454065,True,1,Control,0.0,10/3/78,1.0,0.0,4/12/16,37.63,0,,,,,,,,,,FV Idiopathique,Cas Index,,1.0,1.0,,01247,Définitif,,454065,0
101,454384,True,1,LQT2,1.0,8/18/86,1.0,1.0,4/18/13,26.74,0,,	W705CFSX8,2,Cat 3 KCNH2 c.2115delG,,,,,,Syndrome du QT long,Membre Famille,,1.0,,,00083,Définitif,Définitif,454384,Type 2
102,454980,True,1,Control,0.0,8/5/69,1.0,0.0,5/29/17,47.95,0,,,,,,,,,,"Screening familial MS, QT long",Membre Famille,,1.0,1.0,,00665,,,454980,0
103,455796,True,1,Control,0.0,6/9/45,1.0,0.0,2/3/16,70.85,0,,,,,,,,,,QT log acquis,Cas Index,,1.0,1.0,,01804,Définitif,,455796,0
104,455940,True,1,LQT1,1.0,6/17/40,1.0,0.0,2/22/13,72.88,0,,G168R and P73T,1,Cat 3 KCNQ1 c.217C>A et c.520G>C,,,,,,Syndrome du QT long,Cas Index,,1.0,1.0,,00870,Définitif,Définitif,455940,LQT1
105,456771,True,1,Control,1.0,11/26/91,1.0,0.0,6/19/12,20.62,0,,,,,,,,,,Syndrome du QT long,Cas Index,,1.0,1.0,,00743,,,456771,0
106,456899,True,1,Control,1.0,6/23/53,1.0,0.0,11/15/18,65.58,0,,,3,VUS KCNH2 et JUP,,,,,,Syndrome du QT long possible,Cas Index,,1.0,1.0,,02872,absence d'évidence de la maladie,,456899,0
107,456925,True,1,Control,1.0,2/9/82,,1.0,11/29/13,31.89,0,,,,,11/29/13,,,,,Absence de maladie génétique cardiaque,Membre Famille,,,1.0,,00027,,,456925,0
108,457840,True,1,Control,1.0,4/7/81,1.0,0.0,7/25/12,31.39,0,,,,,,,,,,Syndrome du QT long possible,Cas Index,,1.0,1.0,,00751,Possible,Possible,457840,0
109,458646,True,1,Control,0.0,8/18/77,1.0,0.0,9/11/12,35.16,0,,,,,,,,,,FV Idiopathique,Cas Index,,1.0,1.0,,00770,Possible,,458646,0
110,460664,True,1,Control,1.0,7/7/96,1.0,1.0,4/18/13,16.83,0,,,,,,,,,,"Screening familial, QT normal",Membre Famille,,1.0,,,00790,Hx familiale LQT,,460664,0
111,460665,True,1,Control,1.0,4/16/62,1.0,0.0,4/18/13,51.15,0,,,,,,,,,,Screening familial MS,Membre Famille,,1.0,1.0,,00790,,,460665,0
112,460666,True,1,LQT2,0.0,7/27/60,1.0,0.0,10/10/12,52.35,0,,P605L,2,Cat 3 KCNH2 c.1814C>T,,,,,,Screening familial + QT long,Cas Index,,1.0,1.0,,00790,,,460666,Type 2
113,460885,True,1,Control,1.0,5/23/41,2.0,0.0,12/19/18,77.79,0,,,,,,,,,,Syndrome du QT long,Cas Index,,1.0,1.0,,02938,Possible,Possible,460885,0
114,460947,True,1,Control,1.0,8/6/62,1.0,1.0,3/26/14,51.78,0,,,,,,,,,,"Screening familial, QT normal",Membre Famille,,1.0,,,00790,,,460947,0
115,461680,True,1,Control,0.0,6/9/90,1.0,0.0,11/1/12,22.46,0,,,,,,,,,,FV idiopathique,Cas Index,,1.0,1.0,,00776,,,461680,0
116,462272,True,1,LQT2,1.0,7/24/79,1.0,1.0,12/4/12,33.46,0,,S906L,1,Cat 3 KCNH2 S906L,11/16/12,,,,,Syndrome du QT long,Membre Famille,,1.0,,,00231,Possible,Possible,462272,Type 2
117,462660,True,1,Control,1.0,4/17/80,1.0,0.0,3/31/16,36.05,0,,,,,,,,,,Sydrome du QT long possible,Cas Index,,1.0,1.0,,01701,ESV CCVD,,462660,0
118,463400,True,1,Control,0.0,11/19/59,1.0,0.0,7/4/16,56.78,0,,,,,,,,,,FV Idiopathique,Cas Index,,1.0,1.0,,01734,Possible,,463400,0
119,464414,True,1,LQT2,1.0,3/23/58,1.0,1.0,1/15/13,54.97,2,c.2863C>G,p.L955V,2,,,,,,,"Screening familial, QT normal",Membre Famille,,1.0,,,00646,Définitif,Définitif,464414,Type 2
120,464835,True,1,LQT1,1.0,5/27/68,4.0,0.0,1/25/13,44.79,0,,,,Cat 3 KCNQ1 c.974G>A,,,,,,Syndrome du QT long,Cas Index,,1.0,1.0,,00863,Définitif,Définitif,464835,LQT1
121,464847,True,1,LQT1,0.0,7/16/02,4.0,1.0,5/1/15,12.83,0,,,,Cat 3 KCNQ1 c.974G>A,,,,,,"Screening familial, QT normal",Membre Famille,,,1.0,,00863,Définitif,Définitif,464847,LQT1
122,465055,True,1,Control,0.0,9/1/47,1.0,1.0,1/30/13,65.6,0,,,,,,,,,,"Screening familial, QT normal",Membre Famille,,1.0,,,00646,,,465055,0
123,465959,True,1,LQT2,1.0,5/9/84,1.0,0.0,1/20/10,25.77,2,c.3453_3454delCA,p.His115GlnfsX118,1,,,,,,,Syndrome du QT long,Cas Index,,1.0,,,00602,Définitif,Définitif,465959,Type 2
124,467076,True,1,LQT2,1.0,2/1/78,1.0,1.0,3/20/13,35.23,2,c.2863C>G,p.L955V,2,,,,,,,"Screening familial, QT normal",Membre Famille,,1.0,,,00646,PorteurSansPhéno,PorteurSansPhéno,467076,Type 2
125,467077,True,1,LQT2,1.0,8/22/80,1.0,1.0,3/20/13,32.66,2,c.2863C>G,p.L955V,2,,,,,,,"Screening familial, QT normal",Membre Famille,,1.0,,,00646,PorteurSansPhéno,PorteurSansPhéno,467077,Type 2
126,467114,True,1,Control,1.0,10/25/40,1.0,0.0,2/28/19,78.56,0,,,,,,,,,,Syndrome du QT long,Cas Index,,1.0,1.0,,03075,Définitif,Définitif,467114,0
127,468403,True,1,Control,1.0,8/26/69,4.0,0.0,4/25/13,43.78,0,,,,Cat 3 KCNH2 c.206T>G p.L69R,,,,,,Syndrome du QT long,Cas Index,,1.0,1.0,,00919,Définitif,Définitif,468403,0
128,468459,True,1,Control,0.0,9/27/64,1.0,1.0,6/18/14,49.86,0,,,,,,,,,,"Screening familial, QT normal",Membre Famille,,1.0,,,00919,Possible,Possible,468459,0
129,468973,True,1,Control,1.0,2/10/51,1.0,1.0,7/5/13,62.57,0,,,,,,,,,,"Screening familial, QT limite",Membre Famille,,,1.0,,00905,,,468973,0
130,469310,True,1,Control,0.0,3/24/59,1.0,0.0,5/17/13,54.3,0,,,,,,,,,,FV idiopathique,Cas Index,,1.0,1.0,,00933,mort subite sur vasospasme coronarien,,469310,0
131,469987,True,1,Control,1.0,5/16/74,4.0,0.0,4/2/15,40.99,0,,,,,,,,,,FV Idiopathique,Cas Index,,1.0,1.0,,00957,Définitif,,469987,0
132,470099,True,1,Control,1.0,4/16/92,1.0,1.0,6/6/13,21.2,0,,,,,,,,,,"Screening familial, QT normal",Membre Famille,,1.0,,,00904,,,470099,0
133,470100,True,1,Control,0.0,9/27/96,1.0,1.0,6/6/13,16.74,0,,,,,,,,,,"Screening familial, QT normal",Membre Famille,,1.0,,,00904,,,470100,0
134,470101,True,1,Control,0.0,5/27/94,1.0,1.0,6/6/13,19.08,0,,,,,,,,,,"Screening familial, QT normal",Membre Famille,,1.0,,,00904,,,470101,0
135,470156,True,1,Control,1.0,6/13/79,1.0,1.0,4/22/15,35.96,0,,,,,,,,,,"Screening familal, QT normal",Membre Famille,,,1.0,,00905,,,470156,0
136,471382,True,1,Control,1.0,5/1/72,1.0,0.0,7/12/13,41.31,0,,,,DSP c.5498A>T cat 4,,,,,,FV idiopathique,Cas Index,,1.0,1.0,,00977,,,471382,0
137,471384,True,1,LQT1,1.0,1/15/79,1.0,0.0,6/10/13,34.5,0,,,,Cat 3 KCNQ1 c.1135T>C p.W379R,,,,,,Syndrome du QT long,Cas Index,,1.0,1.0,,00944,Définitif,Définitif,471384,LQT1
138,471861,True,1,Control,1.0,2/1/58,1.0,0.0,7/26/13,55.63,0,,,,,,,,,,Syndrome du QT long possible,Cas Index,,1.0,1.0,,00986,,,471861,0
139,472425,True,1,Control,1.0,7/31/48,1.0,0.0,4/21/23,74.93,0,,,,,,,,,,QT long acquis,Cas Index,,1.0,1.0,,05536,,,472425,0
140,472777,True,1,LQT2,1.0,8/10/85,1.0,1.0,8/21/13,28.11,2,c.2863C>G,p.L955V,2,,,,,,,"Screening familial, QT normal",Membre Famille,,1.0,,,00646,,,472777,Type 2
141,473783,True,1,LQT2,0.0,8/6/83,1.0,1.0,9/18/13,30.2,2,c.2863C>G,p.L955V,2,,,,,,,"Screening familial, QT normal",Membre Famille,,1.0,,,00646,PorteurSansPhéno,PorteurSansPhéno,473783,Type 2
142,475484,True,1,LQT2,1.0,12/12/68,1.0,1.0,10/30/13,45.0,2,c.2863C>G,p.L955V,2,,,,,,,"Screening familial, QT normal",Membre Famille,,1.0,,,00646,PorteurSansPhéno,PorteurSansPhéno,475484,Type 2
143,475572,True,1,LQT1,1.0,5/6/78,1.0,0.0,11/1/13,35.59,1,c.1085A>G,,2,,,,,,,Syndrome du QT long,Cas Index,,1.0,1.0,,01065,Définitif,Définitif,475572,LQT1
144,476172,True,1,Control,1.0,10/2/51,1.0,0.0,11/18/13,62.3,0,,,,,,,,,,Syndrome QT long possible,Cas Index,,1.0,1.0,,01075,FA avec CM tachyarythmique,,476172,0
145,476284,True,1,Control,0.0,11/19/82,1.0,0.0,11/26/13,31.11,0,,,,,,,,,,FV idiopathique,Cas Index,,1.0,1.0,,01083,Possible,Possible,476284,0
146,476398,True,1,Control,1.0,11/24/54,3.0,0.0,12/17/13,59.23,0,,,,,,,,,,Screening fam MS avec QT limite,Cas Index,,1.0,1.0,,01078,,,476398,0
147,476448,True,1,Control,1.0,9/28/90,1.0,0.0,11/22/13,23.21,0,,,,,,,,,,Syndrome du QT long,Cas Index,,1.0,1.0,,01085,Possible,Possible,476448,0
148,476492,True,1,Control,1.0,9/25/68,1.0,0.0,11/30/13,45.3,0,,,,,,,,,,FV Idiopathique,Cas Index,,1.0,1.0,,01093,Définitif,,476492,0
149,476668,True,1,Control,1.0,3/6/80,1.0,0.0,12/12/13,33.86,0,,,,,,,,,,FV idiopathique,Cas Index,,1.0,1.0,,01102,,,476668,0
150,476941,True,1,Control,0.0,6/15/75,1.0,0.0,5/29/17,42.07,0,,,,,,,,,,QT long acquis,Cas Index,,1.0,1.0,,01931,Possible,,476941,0
151,478338,True,1,Control,1.0,2/5/61,1.0,1.0,1/16/14,53.09,0,,,,,,,,,,"Screening familial, QT normal",Membre Famille,,,1.0,,01117,,,478338,0
152,479247,True,1,Control,0.0,2/27/61,1.0,0.0,5/3/17,56.33,0,,,,,,,,,,FV Idiopathique,Cas Index,,1.0,1.0,,01146,Définitif,,479247,0
153,479627,True,1,Control,1.0,4/1/77,1.0,1.0,2/19/14,36.99,0,,,,,2/19/14,,,,,Histoire familiale définitive de LQTS,Membre Famille,,1.0,,,00223,,,479627,0
154,479765,True,1,Control,0.0,9/18/77,1.0,0.0,2/25/14,36.54,0,,,,,,,,,,FV Idiopathique,Cas Index,,1.0,1.0,,01150,Définitif,,479765,0
155,480002,True,1,LQT2,0.0,12/17/92,1.0,1.0,2/28/14,21.26,2,c.2863C>G,p.L955V,2,,,,,,,"Screening familial, QT normal",Membre Famille,,1.0,,,00646,PorteurSansPhéno,PorteurSansPhéno,480002,Type 2
156,481120,True,1,Control,1.0,3/2/75,1.0,1.0,6/3/15,40.37,0,,,,Cat 4 KCNH2 c.2810G>A,,,,,,"Screening familial, QTc limite",Membre Famille,,1.0,,,01150,,,481120,0
157,481748,True,1,Control,0.0,4/20/47,1.0,1.0,11/26/15,68.79,0,,,,Cat 4 KCNH2 c.2810G>A,,,,,,"Screening familial, QT normal",Membre Famille,,1.0,,,01150,PorteurSansPhéno,PorteurSansPhéno,481748,0
158,483120,True,1,Control,1.0,12/5/94,1.0,0.0,5/16/14,19.5,0,,,,,,,,,,Syndrome du QT long,Cas Index,,1.0,1.0,,01233,Définitif,Définitif,483120,0
159,483840,True,1,Control,0.0,6/8/75,1.0,0.0,6/6/14,39.1,0,,,,,,,,,,FV Idiopathique,Cas Index,,1.0,1.0,,01260,Possible,,483840,0
160,484223,True,1,Control,1.0,10/18/42,1.0,0.0,4/28/16,73.73,0,,,,,,,,,,Syndrome du QT long possible mais BBG,Cas Index,,1.0,1.0,,01872,Possible,Possible,484223,0
161,484757,True,1,LQT1,1.0,5/16/56,1.0,1.0,9/18/14,58.5,0,,,,Cat 3 KCNQ1 x2 ancienne classification,,,,,,Syndrome du LQT + ATCD fam,Membre Famille,,,1.0,,01268,,,484757,LQT1
162,484774,True,1,LQT1,1.0,9/11/47,1.0,0.0,7/3/14,66.99,0,,,,Cat 3 KCNQ1 x2 ancienne classification,,,,,,Syndrome du QT long,Cas Index,,1.0,1.0,,01271,Définitif,Définitif,484774,LQT1
163,485701,True,1,Control,0.0,3/11/53,1.0,0.0,11/2/16,63.82,0,,,,,,,,,,Syndrome du QT long,Cas Index,,1.0,1.0,,01295,,,485701,0
164,485889,True,1,Control,1.0,3/16/64,3.0,0.0,12/12/19,55.89,0,,,,,,,,,,Syndrome du QT long possible,Cas Index,,1.0,1.0,,03440,pas de QTlong,,485889,0
165,486487,True,1,Control,1.0,9/3/65,1.0,0.0,8/19/14,49.09,0,,,,,,,,,,Sndrome du QT long,Cas Index,,1.0,1.0,,01303,,,486487,0
166,486559,True,1,Control,1.0,3/22/89,1.0,0.0,8/21/14,25.49,0,,,,VUS KCNE1,,,,,,Syndrome du QT long possible,Cas Index,,1.0,1.0,,01309,,,486559,0
167,487414,True,1,Control,0.0,11/29/50,1.0,1.0,3/15/18,67.48,0,,,,,,,,,,"Screening familial, QT normal",Membre Famille,,,1.0,,02585,,,487414,0
168,487618,True,1,Control,0.0,1/2/79,1.0,1.0,9/18/14,35.81,0,,,,,,,,,,"Screening familial, QT normal",Membre Famille,,,1.0,,01268,,,487618,0
169,487658,True,1,Control,1.0,12/25/90,1.0,0.0,3/17/15,24.29,0,,,,,,,,,,Syndrome du QT long ppeu probable,Cas Index,,1.0,1.0,,01338,Possible,Possible,487658,0
170,487660,True,1,Control,0.0,1/15/98,1.0,0.0,9/21/17,19.74,0,,,,,,,,,,Syndrome du QT long possible,Membre Famille,,1.0,1.0,,01341,PorteurSansPhéno,PorteurSansPhéno,487660,0
171,488977,True,1,Control,0.0,10/25/60,1.0,1.0,10/22/14,54.14,0,,,,,,,,,,"Screening familial, QT normal",Membre Famille,,1.0,,,01368,,,488977,0
172,489207,True,1,Control,1.0,10/24/59,1.0,0.0,11/9/14,55.2,0,,,,,,,,,,QT long acquis,Cas Index,,1.0,1.0,,01393,,,489207,0
173,489570,True,1,Control,1.0,7/31/49,1.0,0.0,8/24/17,68.25,0,,,,,,,,,,Syndrome du QT long,Cas Index,,1.0,1.0,,01391,Définitif,Définitif,489570,0
174,489572,True,1,LQT1,1.0,3/10/74,1.0,1.0,9/5/14,40.6,1,c.217C>A,,1?,et C.502G>C (analyse pas a lÌCM),,,,,,Syndrome du QT long,Cas Index,,,1.0,,01389,Définitif,Définitif,489572,LQT1
175,489581,True,1,Control,1.0,7/5/69,4.0,0.0,3/6/23,53.81,0,,,,VUS KCNH2,,,,,,Syndrome du QT long,Cas Index,,1.0,1.0,,05392,QT allongé,,489581,0
176,489840,True,1,LQT2,1.0,10/31/54,1.0,1.0,4/26/18,63.66,2,c23054delC,p.Thr1019ProfsX38,1,,,,,,,Screening familial + Syndrome QT long,Membre Famille,,1.0,,,01735,Définitif,Définitif,489840,Type 2
177,490127,True,1,Control,1.0,5/24/97,1.0,1.0,8/10/17,20.27,0,,,,,,,,,,Histoire familiale définitive de LQTS,Membre Famille,,1.0,,,01340,,,490127,0
178,490131,True,1,Control,0.0,4/21/01,1.0,1.0,12/13/17,16.69,0,,,,,,,,,,Histoire familiale définitive de LQTS,Membre Famille,,1.0,,,01340,,,490131,0
179,490142,True,1,Control,1.0,2/18/71,3.0,0.0,11/20/14,43.87,0,,,,,,,,,,QT long acquis,Cas Index,,1.0,1.0,,01411,,,490142,0
180,490772,True,1,Control,1.0,2/25/77,1.0,0.0,12/5/14,37.88,0,,,,VUS KCNE2,,,,,,Syndrome du QT long,Cas Index,,1.0,1.0,,01427,Définitif,Définitif,490772,0
181,490882,True,1,Control,0.0,2/7/86,1.0,0.0,12/12/14,28.92,0,,,,VUS RYR2 et LMNA,,,,,,FV Idiopathique,Cas Index,,1.0,1.0,,01236,Définitif,,490882,0
182,490917,True,1,Control,0.0,5/5/65,1.0,0.0,8/1/15,50.38,0,,,,,,,,,,FV idiopathique,Cas Index,,1.0,1.0,,01458,Possible,Possible,490917,0
183,490999,True,1,Control,0.0,9/26/47,1.0,0.0,12/23/14,67.43,0,,,,,,,,,,QT long acquis,Cas Index,,1.0,1.0,,01445,CM alcoholique avec long QT,,490999,0
184,491243,True,1,Control,1.0,4/23/81,1.0,0.0,5/3/17,36.13,0,,,,,,,,,,Syndrome du QT long + Turner,Cas Index,,1.0,1.0,,01614,Sd de Turner,,491243,0
185,491499,True,1,LQT1,1.0,4/27/39,1.0,0.0,10/20/16,77.7,1,,p. Leu203Pro,2,,,,,,,Syndrome du QT long,Cas Index,,1.0,1.0,,01448,,,491499,LQT1
186,492736,True,1,LQT1,0.0,10/2/58,1.0,0.0,5/7/15,56.75,1,,p.I201MfsX59,1,,,,,,,Syndrome du QT long,Cas Index,,1.0,1.0,,01566,Définitif,Définitif,492736,LQT1
187,493794,True,1,Control,0.0,11/15/51,1.0,0.0,9/1/15,63.97,0,,,,,,,,,,FV Idiopathique,Cas Index,,,1.0,,01665,Définitif,,493794,0
188,495196,True,1,Control,1.0,8/15/78,1.0,0.0,3/26/15,36.71,0,,,,,,,,,,Syndrome du QT long possible,Cas Index,,1.0,1.0,,01511,,,495196,0
189,495480,True,1,Control,1.0,2/13/73,1.0,1.0,4/2/15,42.25,0,,,,,,,,,,"Screening familial, QT normal",Membre Famille,,,1.0,,01517,,,495480,0
190,496006,True,1,Control,1.0,9/11/58,1.0,1.0,4/16/15,56.75,0,,,,,,,,,,"Screening familial, QT normal",Membre Famille,,1.0,,,00904,,,496006,0
191,496258,True,1,Control,0.0,3/26/81,1.0,1.0,4/22/15,34.17,0,,,,,,,,,,"Screening familial, QT normal",Membre Famille,,,1.0,,00905,,,496258,0
192,496478,True,1,Control,1.0,7/15/58,1.0,0.0,3/10/16,57.81,0,,,,VUS KCNQ1,,,,,,Screening familial + QT limite,Membre Famille,,,1.0,,01573,,,496478,0
193,496659,True,1,Control,1.0,10/10/50,1.0,1.0,5/4/15,64.74,0,,,,,,,,,,FV Idiopathique,Cas Index,,1.0,1.0,,01561,Définitif,,496659,0
194,496897,True,1,Control,0.0,9/9/78,1.0,0.0,12/17/15,37.37,0,,,,,,,,,,QT long acquis,Cas Index,,1.0,1.0,,01560,,,496897,0
195,498987,True,1,Control,1.0,4/7/63,1.0,0.0,5/15/17,54.25,0,,,,,,,,,,QT long acquis,Cas Index,,1.0,1.0,,01610,FA.,,498987,0
196,499037,True,1,Control,1.0,12/31/84,4.0,0.0,5/3/17,32.43,0,,,,,,,,,,Syndrome du QT long,Cas Index,,1.0,1.0,,01612,,,499037,0
197,500344,True,1,Control,1.0,1/30/74,3.0,0.0,4/7/16,42.3,0,,,,,,,,,,Syndrome du QT long,Cas Index,,1.0,1.0,,01642,,,500344,0
198,500771,True,1,Control,0.0,8/20/96,1.0,0.0,8/17/16,20.05,0,,,,,,,,,,QT long acquis,Cas Index,,1.0,1.0,,01720,Drug induced QT prolongation,,500771,0
199,501908,True,1,Control,1.0,5/6/70,1.0,0.0,12/18/16,46.75,0,,,,,,,,,,Syndrome du QT long possible,Cas Index,,1.0,1.0,,01661,Possible,Possible,501908,0
200,501949,True,1,Control,1.0,8/13/78,1.0,0.0,9/7/17,39.18,0,,,,,,,,,,FV idiopathique,Cas Index,,1.0,1.0,,01870,,,501949,0
201,502627,True,1,Control,1.0,4/29/68,4.0,0.0,12/5/16,48.74,0,,,,,,,,,,FV Idiopathique,Cas Index,,1.0,1.0,,01699,Définitif,,502627,0
202,502799,True,1,Control,0.0,1/25/44,1.0,1.0,3/1/16,72.3,0,,,,,,,,,,"Screening familial, QT normal",Membre Famille,,,1.0,,00944,,,502799,0
203,502821,True,1,LQT1,1.0,7/5/51,1.0,1.0,10/8/15,64.44,0,,,,Cat 3 KCNQ1 P73T et G168R,,,,,,Sydrome du QT log + ATCD,Membre Famille,,,1.0,,01268,,,502821,LQT1
204,502822,True,1,Control,0.0,12/23/49,1.0,1.0,10/8/15,65.97,0,,,,,,,,,,"Screening familial, QT normal",Membre Famille,,,1.0,,01268,,,502822,0
205,504389,True,1,Control,1.0,1/31/91,1.0,0.0,6/8/16,25.42,0,,,,,,,,,,Syndrome du QT long possible,Cas Index,,1.0,1.0,,01914,ESV-TVNS CCVD avec dilatation VD,,504389,0
206,504848,True,1,Control,1.0,5/25/77,1.0,0.0,3/24/16,38.94,0,,,,VUS MYPN,,,,,,Syndrome du QT long,Cas Index,,1.0,1.0,,01727,Possible,Possible,504848,0
207,506997,True,1,Control,0.0,9/13/77,1.0,0.0,11/26/15,38.31,0,,,,,,,,,,Syndrome du QT long,Cas Index,,1.0,1.0,,01785,,,506997,0
208,507291,True,1,Control,1.0,1/9/70,4.0,0.0,10/12/22,52.9,0,,,,"VUS DSP mais haute suspicion, depistage familiar recommendé",,,,,,FV idiopathique,Cas Index,,1.0,1.0,,01697,,,507291,0
209,508441,True,1,Control,1.0,9/26/77,1.0,0.0,5/3/17,39.71,0,,,,,,,,,,Syndrome du QT long possible,Cas Index,,1.0,1.0,,01826,,,508441,0
210,510305,True,1,Control,1.0,10/31/82,1.0,0.0,5/29/17,34.67,0,,,,,,,,,,FV Idiopathique,Cas Index,,1.0,1.0,,01855,Possible,,510305,0
211,511502,True,1,Control,0.0,3/9/47,1.0,1.0,8/31/16,69.67,0,,,,,,,,,,"Screening familial, QT normal",Membre Famille,,,1.0,,00944,,,511502,0
212,512527,True,1,Control,0.0,12/13/63,1.0,0.0,9/7/17,53.88,0,,,,,,,,,,FV Idiopathique,Cas Index,,1.0,1.0,,02058,Possible,,512527,0
213,512768,True,1,Control,0.0,8/14/60,1.0,0.0,3/27/17,56.77,0,,,,VUS KCNH2 W586S,,,,,,Syndrome du QT long,Cas Index,,1.0,1.0,,01913,Définitif,Définitif,512768,0
214,512788,True,1,Control,0.0,9/16/80,1.0,0.0,11/22/16,36.28,0,,,,,,,,,,Syndrome du QT long possible,Cas Index,,1.0,1.0,,01916,pas d'évidence de maladie cardiaque,,512788,0
215,512796,True,1,LQT2,1.0,5/21/44,1.0,0.0,3/16/17,73.02,2,,A614V,1,,,,,,,Syndrome du QT long,Cas Index,,1.0,1.0,,01918,Définitif,Définitif,512796,Type 2
216,513423,True,1,LQT1,1.0,3/28/54,1.0,0.0,6/22/16,62.41,1,,K362R,2,,,,,,,Syndrome du QT long,Cas Index,,1.0,1.0,,01932,Possible,Possible,513423,LQT1
217,515018,True,1,Control,0.0,2/27/81,1.0,0.0,8/8/16,35.54,0,,,,,,,,,,Screening familial MS,Membre Famille,,1.0,1.0,,01964,Pas d'évidence d'une condition génétique à priori,,515018,0
218,515767,True,1,Control,1.0,8/4/65,4.0,0.0,5/7/19,53.9,0,,,,,,,,,,FV Idiopathique,Cas Index,,1.0,1.0,,01984,Définitif,,515767,0
219,515960,True,1,Control,1.0,3/3/94,1.0,0.0,10/5/16,22.65,0,,,,VUS KCNH2,,,,,,QT long acquis,Cas Index,,1.0,1.0,,02012,Possible,Possible,515960,0
220,517182,True,1,LQT2,1.0,4/21/78,1.0,1.0,6/7/17,39.24,2,c.3054delC,p.Thr1019ProfsX38,1,,,,,,,Syndrome du QT long,Membre Famille,,1.0,,,01735,PorteurSansPhéno,PorteurSansPhéno,517182,Type 2
221,517510,True,1,Control,1.0,2/23/60,1.0,0.0,8/18/17,57.64,0,,,,,,,,,,Syndrome du QT long possible,Cas Index,,1.0,1.0,,02005,Possible,Possible,517510,0
222,518257,True,1,Control,0.0,7/23/76,4.0,0.0,10/20/16,40.35,0,,,,,,,,,,FV idiopathique,Cas Index,,1.0,1.0,,02037,,,518257,0
223,519058,True,1,Control,0.0,12/13/69,1.0,0.0,11/3/16,47.02,0,,,,,,,,,,FV Idiopathique,Cas Index,,1.0,1.0,,02053,Possible,,519058,0
224,519733,True,1,Control,0.0,2/17/57,1.0,0.0,1/12/17,60.07,0,,,,,,,,,,FV Idiopathique,Cas Index,,1.0,1.0,,02119,Possible,,519733,0
225,519956,True,1,Control,0.0,10/13/53,1.0,0.0,12/6/16,63.32,0,,,,,,,,,,"Screening familial, QT normal",Membre Famille,,1.0,,,01608,,,519956,0
226,520158,True,1,Control,1.0,3/23/47,1.0,0.0,2/16/17,70.1,0,,,,VUS AKAP9,,,,,,QTc (ms) ≥ 480,Cas Index,,1.0,1.0,,02167,,,520158,0
227,521983,True,1,Control,1.0,8/8/82,1.0,0.0,1/12/17,34.53,0,,,,,,,,,,Syndrome du QT long,Cas Index,,1.0,1.0,,02125,Possible,Possible,521983,0
228,523271,True,1,Control,0.0,3/13/55,1.0,0.0,5/2/17,62.31,0,,,,,,,,,,QTc (ms) ≥ 480,Cas Index,,1.0,1.0,,02155,,,523271,0
229,523458,True,1,Control,0.0,2/13/79,1.0,0.0,3/24/17,38.21,0,,,,,,,,,,Syndrome du QT long possible,Cas Index,,1.0,1.0,,02240,malaise vagaux-pas d'évidence de LQT,,523458,0
230,525295,True,1,Control,1.0,8/12/78,1.0,0.0,2/10/22,43.62,0,,,,,,,,,,Syndrome du QT long,Cas Index,,1.0,1.0,,04589,Possible,Possible,525295,0
231,526387,True,1,Control,1.0,12/9/77,1.0,0.0,5/1/17,39.5,0,,,,,,,,,,Syndrome du QT long,Cas Index,,1.0,1.0,,02264,Définitif,Définitif,526387,0
232,526856,True,1,Control,0.0,10/23/80,1.0,0.0,5/2/17,36.62,0,,,,,,,,,,FV Idiopathique,Cas Index,,1.0,1.0,,02280,Définitif,,526856,0
233,527571,True,1,Control,1.0,4/20/79,1.0,0.0,5/24/17,38.2,0,,,,,,,,,,FV Idiopathique,Cas Index,,1.0,1.0,,02306,Définitif,,527571,0
234,528196,True,1,Control,1.0,8/12/91,1.0,0.0,6/1/17,25.88,0,,,,,,,,,,Syndrome du QT long possible,Cas Index,,1.0,1.0,,02326,Définitif,Définitif,528196,0
235,528213,True,1,Control,1.0,7/1/97,1.0,0.0,6/19/17,20.02,0,,,,,,,,,,Syndrome de QT long possible,Cas Index,,1.0,1.0,,02378,syncope vagale probable,,528213,0
236,529063,True,1,Control,0.0,11/1/99,1.0,0.0,6/29/17,17.71,0,,,,,,,,,,FV Idiopathique,Cas Index,,1.0,1.0,,02352,Définitif,,529063,0
237,530099,True,1,Control,0.0,5/27/78,1.0,0.0,7/26/17,39.27,0,,,,VUS KCNQ1 et ANK2,,,,,,FV Idiopathique,Cas Index,,1.0,1.0,,02371,Définitif,,530099,0
238,530403,True,1,Control,1.0,12/11/93,1.0,0.0,7/27/17,23.69,0,,,,,,,,,,Syndrome du QT long,Cas Index,,1.0,1.0,,02375,Définitif,Définitif,530403,0
239,530797,True,1,Control,1.0,7/17/92,1.0,1.0,10/6/17,25.29,0,,,,,,,,,,"Screening familial, QT normal",Membre Famille,,,1.0,,02432,,,530797,0
240,531338,True,1,Control,1.0,8/30/97,1.0,1.0,8/24/17,20.04,0,,,,,,,,,,"Screening familial, QT normal",Membre Famille,,,1.0,,01065,,,531338,0
241,531339,True,1,LQT1,0.0,7/28/01,1.0,1.0,8/22/17,16.11,1,c.1085A>G,p.Lys362Arg,2,,,,,,,"Screening familial, QT normal",Membre Famille,,,1.0,,01065,PorteurSansPhéno,PorteurSansPhéno,531339,LQT1
242,532235,True,1,Control,1.0,4/9/82,1.0,0.0,9/14/17,35.53,0,,,,,,,,,,FV idiopathique,Cas Index,,1.0,1.0,,01917,,,532235,0
243,533631,True,1,LQT1,0.0,9/14/63,1.0,1.0,10/17/17,54.24,1,c.1085A>G,p.Lys362Arg,2,,,,,,,"Screening familiale, QT limite",Membre Famille,,,1.0,,01932,Définitif,Définitif,533631,LQT1
244,533764,True,1,LQT1,0.0,9/17/83,1.0,0.0,8/2/18,34.97,1,c.1760C>T,p.Thr587Met,1,,,,,,,Syndrome du QT long,Cas Index,,1.0,1.0,,02446,Définitif,Définitif,533764,LQT1
245,533885,True,1,LQT1,1.0,8/28/80,4.0,0.0,3/15/18,37.65,1,c.1615C>T,p.Arg539Trp,1,,,,,,,Syndrome du QT long + ATCD fam,Cas Index,,1.0,1.0,,02585,,,533885,LQT1
246,534346,True,1,Control,0.0,2/11/23,1.0,1.0,10/31/17,94.98,0,,,,,,,,,,"Screening familiale, QT normal",Membre Famille,,1.0,,,01913,,,534346,0
247,534734,True,1,Control,1.0,9/9/71,1.0,0.0,6/13/19,47.89,0,,,,,,,,,,Syndrome du QT long,Cas Index,,1.0,1.0,,03186,Définitif,Définitif,534734,0
248,535385,True,1,Control,1.0,9/29/74,4.0,0.0,11/23/17,43.27,0,,,,,,,,,,Syndrome du QT long,Cas Index,,1.0,1.0,,02480,Définitif,Définitif,535385,0
249,535789,True,1,Control,0.0,8/2/49,1.0,0.0,11/30/17,68.52,0,,,,,,,,,,Syndrome du long QT acquis,Cas Index,,1.0,1.0,,02493,,,535789,0
250,536903,True,1,LQT1,0.0,3/30/60,1.0,0.0,4/16/18,58.2,1,c.1085A>G,p.Lys362Arg,1,VUS MYH6,,,,,,FV Idiopathique,Cas Index,,1.0,1.0,,02602,Possible,,536903,LQT1
251,536939,True,1,Control,1.0,2/3/77,1.0,0.0,12/29/17,41.01,0,,,,,,,,,,FV Idiopathique,Cas Index,,1.0,1.0,,02514,Définitif,,536939,0
252,537243,True,1,Control,0.0,7/19/89,3.0,0.0,11/7/18,29.38,0,,,,,,,,,,QT long acquis,Cas Index,,1.0,1.0,,02843,Possible,Possible,537243,0
253,537439,True,1,Control,0.0,6/1/73,4.0,0.0,1/11/18,44.74,0,,,,,,,,,,FV Idiopathique,Cas Index,,1.0,1.0,,02527,Définitif,,537439,0
254,539464,True,1,Control,1.0,1/29/76,1.0,0.0,4/12/18,42.32,2,c.526C>T,p.Arg176Trp,Variant modifiant,,,,,,,Syndrome du QT long,Cas Index,,1.0,1.0,,02600,Possible,Possible,539464,0
255,540219,True,1,Control,0.0,5/20/96,1.0,1.0,6/21/18,22.15,0,,,,,,,,,,"Screening familiale, QT normal",Membre Famille,,,1.0,,01448,pas d'évidence de la condition cardiaque familiale,,540219,0
256,541559,True,1,Control,1.0,6/22/58,1.0,1.0,8/29/18,60.35,0,,,,,,,,,,"Screening familiale, QT normal",Membre Famille,,,1.0,,01448,pas d'évidence LQT à ECG,,541559,0
257,541865,True,1,Control,1.0,10/16/88,1.0,0.0,4/26/18,29.61,0,,,,,,,,,,Syndrome du QT long possible,Cas Index,,1.0,1.0,,02617,Possible,Possible,541865,0
258,541877,True,1,Control,0.0,4/7/50,1.0,0.0,4/26/18,68.24,0,,,,,,,,,,FV Idiopathique,Cas Index,,1.0,1.0,,02618,Définitif,,541877,0
259,541887,True,1,Control,0.0,1/31/71,1.0,0.0,4/26/18,47.36,0,,,,VUS CACNA1C,,,,,,FV Idiopathique,Cas Index,,1.0,1.0,,02619,Possible,,541887,0
260,541921,True,1,Control,0.0,11/9/69,1.0,0.0,4/27/18,48.6,0,,,,VUS ANK2,,,,,,FV Idiopathique,Cas Index,,1.0,1.0,,02620,Possible,,541921,0
261,542329,True,1,Control,1.0,4/14/86,1.0,0.0,6/4/20,34.23,0,,,,,,,,,,Syndrome du QT long possible,Cas Index,,1.0,1.0,,03589,Possible,Possible,542329,0
262,542621,True,1,Control,1.0,6/6/84,1.0,0.0,11/1/18,34.5,0,,,,,,,,,,Syndrome du QT long possible,Cas Index,,1.0,1.0,,02832,Possible,Possible,542621,0
263,542886,True,1,Control,0.0,9/14/72,1.0,0.0,5/17/18,45.8,0,,,,,,,,,,Syndrome du QT long possible,Cas Index,,1.0,1.0,,02639,,,542886,0
264,542959,True,1,Control,1.0,10/1/83,4.0,1.0,10/19/18,35.15,0,,,,,,,,,,"Screening familiale, QT normal",Membre Famille,,,1.0,,02585,,,542959,0
265,543501,True,1,Control,1.0,7/12/82,1.0,0.0,5/31/18,35.98,0,,,,,,,,,,Syndrome du QT long possible,Cas Index,,1.0,1.0,,02650,Possible,Possible,543501,0
266,544153,True,1,Control,0.0,8/19/58,4.0,0.0,6/14/18,59.98,0,,,,,,,,,,Syndrome du QT long,Cas Index,,1.0,1.0,,02661,Possible,Possible,544153,0
267,544454,True,1,Control,0.0,7/15/66,1.0,0.0,6/21/18,52.08,0,,,,,,,,,,QT long acquis,Cas Index,,1.0,1.0,,02674,Possible,Possible,544454,0
268,544871,True,1,Control,1.0,6/8/92,1.0,1.0,7/3/18,26.14,0,,,,,,,,,,"Screening familiale, QT normal",Membre Famille,,,1.0,,01932,,,544871,0
269,544967,True,1,Control,1.0,2/19/64,1.0,0.0,7/5/18,54.52,0,,,,,,,,,,Syndrome du QT long,Cas Index,,1.0,1.0,,02692,Possible,Possible,544967,0
270,546549,True,1,Control,0.0,5/16/93,1.0,0.0,1/30/19,25.78,0,,,,,,,,,,"Screening familiale, QT normal",Cas Index,,1.0,1.0,,03042,,,546549,0
271,546820,True,1,Control,0.0,11/17/90,1.0,1.0,10/15/18,27.99,0,,,,,,,,,,"Screening familiale, QT normal",Membre Famille,,,1.0,,01448,CIV-CIA,,546820,0
272,547152,True,1,Control,1.0,8/26/83,4.0,0.0,8/27/18,35.1,0,,,,VUS KCNH2 c.3125T>C,,,,,,QTc (ms) ≥ 480,Cas Index,,1.0,1.0,,02748,,,547152,0
273,547428,True,1,Control,1.0,4/23/69,1.0,0.0,11/9/18,49.68,0,,,,,,,,,,Syndrome du QT long possible,Cas Index,,1.0,1.0,,02752,,,547428,0
274,547982,True,1,Control,0.0,1/6/56,4.0,0.0,9/13/18,62.86,0,,,,VUS AKAP9,,,,,,Syndrome du QT long possible,Cas Index,,1.0,1.0,,02759,Possible,Possible,547982,0
275,548380,True,1,Control,0.0,2/1/61,1.0,0.0,1/30/19,58.15,0,,,,,,,,,,Syndrome du QT long,Cas Index,,1.0,1.0,,03031,Possible,Possible,548380,0
276,549212,True,1,LQT1,0.0,4/27/00,1.0,1.0,2/13/20,19.85,1,c.1017_1019delCTT,p.Phe340del,1,,,,,,,Syndrome du QT long,Membre famille,,,1.0,,02560,Définitif,Définitif,549212,LQT1
277,549534,True,1,Control,0.0,2/18/40,1.0,0.0,10/18/18,78.88,0,,,,VUS ANK2,,,,,,Syndrome du QT long possible,Cas Index,,1.0,1.0,,02821,Définitif,Définitif,549534,0
278,550545,True,1,Control,1.0,8/31/78,1.0,0.0,11/8/18,40.3,0,,,,VUS SCN5A et ANK2,,,,,,QT long acquis,Cas Index,,1.0,1.0,,02847,Possible,Possible,550545,0
279,551586,True,1,Control,0.0,9/6/79,1.0,0.0,12/3/18,39.35,0,,,,VUS SCN5A c.3718G>C,,,,,,FV Idiopathique,Cas Index,,1.0,1.0,,03160,Définitif,,551586,0
280,551771,True,1,Control,0.0,6/1/66,1.0,0.0,5/16/19,53.1,0,,,,VUS ANK2 c.10447G>A,,,,,,Syndrome du QT long possible,Cas Index,,1.0,1.0,,03155,,,551771,0
281,551829,True,1,Control,1.0,6/11/61,1.0,0.0,1/24/19,57.78,0,,,,,,,,,,Syndrome du QT long possible,Cas Index,,1.0,1.0,,03022,TVNS idiopathique,,551829,0
282,551927,True,1,Control,1.0,5/2/73,1.0,0.0,11/6/19,46.64,0,,,,,,,,,,Syndrome du QT long,Cas Index,,1.0,1.0,,03101,Possible,Possible,551927,0
283,552603,True,1,Control,0.0,7/28/78,1.0,0.0,12/20/18,40.51,0,,,,,,,,,,Syndrome du QT long,Cas Index,,1.0,1.0,,02948,Possible,Possible,552603,0
284,552954,True,1,Control,0.0,7/15/61,1.0,0.0,1/2/19,57.63,0,,,,,,,,,,Syndrome du QT long,Cas Index,,1.0,1.0,,02961,Possible,Possible,552954,0
285,553326,True,1,LQT1,1.0,3/29/53,1.0,1.0,1/10/19,65.97,1,c.1615C>T,p.Arg539Trp,1,,,,,,,Histoire familiale définitive de LQTS,Membre Famille,,,1.0,,02585,,,553326,LQT1
286,553525,True,1,Control,1.0,5/31/64,1.0,0.0,4/15/19,55.02,0,,,,,,,,,,Syndrome du QT long possible,Cas Index,,1.0,1.0,,03072,en investigation long QT et ETT pour R/O CMPH,,553525,0
287,554311,True,1,LQT2,1.0,2/8/95,1.0,1.0,2/7/12,17.04,0,,,, VUS KCNH2 S906L et ANK2c.9853A-C p. Ile 3285Leu,1/31/19,,,,,Syndrome du QT long,Membre Famille,,1.0,,,00231,Définitif,Définitif,554311,Type 2
288,554312,True,1,LQT2,1.0,11/7/98,1.0,1.0,2/7/12,13.29,0,,,, VUS KCNH2 S906L et ANK2c.9853A-C p. Ile 3285Leu,1/31/19,,,,,Syndrome du QT long,Membre Famille,,1.0,,,00231,Définitif,Définitif,554312,Type 2
289,554354,True,1,Control,0.0,4/8/87,1.0,0.0,2/6/19,31.92,0,,,,,,,,,,FV Idiopathique,Cas Index,,1.0,1.0,,03047,Définitif,,554354,0
290,554618,True,1,Control,0.0,7/28/83,1.0,0.0,2/7/19,35.63,0,,,,VUS AKAP9 x2,,,,,,Syndrome du QT long possible,Cas Index,,1.0,1.0,,03049,pas de pathologie cardiaque,,554618,0
291,555222,True,1,LQT1,1.0,9/2/77,1.0,1.0,2/21/19,41.58,1,c.603_604+9delCGGTGAGTCAT,?,1,,,,,,,Histoire familiale définitive de LQTS,Membre Famille,,,1.0,,03061,,,555222,LQT1
292,555985,True,1,Control,0.0,2/6/77,1.0,0.0,1/28/20,43.09,0,,,,,,,,,,TVPNS idiopathique,Cas Index,,1.0,1.0,,03397,TVNS polymorphe idiopathique,,555985,0
293,557186,True,1,Control,1.0,12/19/82,1.0,0.0,4/3/19,36.39,0,,,,,,,,,,Syndrome du QT long,Membre Famille,,1.0,1.0,,03105,Possible,Possible,557186,0
294,558420,True,1,Control,1.0,4/22/51,1.0,1.0,7/8/19,68.4,0,,,,,,,,,,"Screening familiale, QT normal",Membre Famille,,,1.0,,02602,,,558420,0
295,558694,True,1,Control,0.0,6/27/94,2.0,0.0,5/2/19,24.91,0,,,,,,,,,,FV Idiopathique,Cas Index,,1.0,1.0,,03132,Définitif,,558694,0
296,561646,True,1,Control,1.0,6/2/54,1.0,0.0,7/11/19,65.28,0,,,,VUS RYR2,,,,,,Syndrome de QT long,Cas Index,,1.0,1.0,,03220,,,561646,0
297,561801,True,1,Control,0.0,2/22/90,1.0,0.0,6/16/22,32.4,0,,,,VUS CASQ2 et TRIM,,,,,,FV idiopathique,Cas Index,,1.0,1.0,,03235,mort subite réanimée,,561801,0
299,562616,True,1,Control,1.0,6/1/72,2.0,0.0,8/1/19,47.29,0,,,,VUS AKAP9 c.881T>G et KCNH2 c.3097C>T,,,,,,Autre diagnostic,Cas Index,,1.0,1.0,,03270,pas d'évidence de LQT,,562616,0
300,563789,True,1,Control,0.0,3/16/87,1.0,0.0,9/6/19,32.57,0,,,,,,,,,,FV Idiopathique,Cas Index,,1.0,1.0,,03300,Possible,,563789,0
301,564028,True,1,Control,0.0,1/6/53,2.0,0.0,7/24/20,67.73,0,,,,VUS TPM1 c.20T>G,,,,,,FV idiopathique,Cas Index,,1.0,1.0,,03714,mort subite réanimée,,564028,0
302,564064,True,1,Control,1.0,1/12/94,1.0,0.0,9/5/19,25.72,0,,,,,,,,,,Syndrome du QT long,Cas Index,,1.0,1.0,,03303,Définitif,Définitif,564064,0
303,564333,True,1,Control,1.0,8/5/00,1.0,0.0,9/12/19,19.15,0,,,,,,,,,,Syndrome du QT long,Cas Index,,1.0,1.0,,03313,Définitif,Définitif,564333,0
304,564700,True,1,Control,1.0,10/21/57,1.0,0.0,1/16/20,62.41,0,,,,VUS KCNH2 c.515C>T et CACNA1C c.6117G>A,,,,,,QT long acquis,Cas Index,,1.0,1.0,,03324,pas d'évidence de LQT congénital,,564700,0
305,564811,True,1,Control,1.0,8/25/59,1.0,0.0,10/22/19,60.32,0,,,,,,,,,,Syndrome du QT long,Cas Index,,1.0,1.0,,03568,Possible,Possible,564811,0
306,565146,True,1,Control,1.0,11/26/77,1.0,0.0,10/10/19,41.98,0,,,,,,,,,,Syndrome du QT long,Cas Index,,1.0,1.0,,03362,Définitif,Définitif,565146,0
307,565542,True,1,Control,0.0,10/31/52,1.0,0.0,10/15/19,67.14,0,,,,,,,,,,Lomg QT acquis,Cas Index,,1.0,1.0,,03371,,,565542,0
308,566383,True,1,LQT2,1.0,8/13/72,3.0,0.0,10/24/19,47.32,2,c.2684C>T,p.Thr895Met,2,,,,,,,QTc (ms) ≥ 480,Cas Index,,1.0,1.0,,03375,,,566383,Type 2
309,567028,True,1,Control,1.0,5/14/69,1.0,0.0,5/18/22,53.16,0,,,,,,,,,,Syndrome du QT long,Cas Index,,1.0,1.0,,03400,Possible,Possible,567028,0
310,567142,True,1,Control,1.0,2/4/47,1.0,0.0,12/3/19,73.03,0,,,,,,,,,,Syndrome du QT long,Cas Index,,1.0,1.0,,03421,pas d'évidence de LQT,,567142,0
311,567767,True,1,Control,1.0,7/15/77,1.0,0.0,12/3/19,42.5,0,,,,,,,,,,FV idiopathique,Cas Index,,1.0,1.0,,03674,,,567767,0
312,567930,True,1,Control,0.0,5/6/59,1.0,0.0,3/12/20,61.02,0,,,,VUS KCNH2 c.580G>A,,,,,,FV Idiopathique,Cas Index,,1.0,1.0,,03564,Définitif,,567930,0
313,568083,True,1,LQT2,1.0,6/21/48,1.0,0.0,12/19/19,71.69,0,,,,VUS KCNH2 c.2717C>T,,,,,,QT long acquis,Cas Index,,1.0,1.0,,03442,Définitif,Définitif,568083,Type 2
314,568410,True,1,Control,0.0,4/15/72,1.0,0.0,11/5/21,49.69,0,,,,,,,,,,Syndrome du QT long possible,Cas Index,,1.0,1.0,,04441,Possible,Possible,568410,0
315,568911,True,1,Control,1.0,1/25/70,1.0,1.0,12/18/19,50.03,0,,,,,,,,,,"Screening familiale, QT normal",Membre Famille,,,1.0,,01268,,,568911,0
316,568969,True,1,Control,0.0,2/17/68,1.0,0.0,5/18/22,54.4,0,,,,,,,,,,Syndrome du QT long,Cas Index,,1.0,1.0,,03461,Définitif,Définitif,568969,0
317,569029,True,1,Control,1.0,6/19/72,1.0,0.0,12/11/19,47.61,0,,,,,,,,,,Syndrome du QT long possible,Cas Index,,1.0,1.0,,03470,Possible,Possible,569029,0
318,569058,True,1,Control,1.0,10/30/59,1.0,0.0,9/27/21,62.08,0,,,,,,,,,,QT long acquis,Cas Index,,1.0,1.0,,04308,,,569058,0
319,569105,True,1,Control,1.0,11/16/82,1.0,0.0,3/30/23,40.48,0,,,,,,,,,,QT long acquis,Cas Index,,1.0,1.0,,03529,Définitif,,569105,0
320,570003,True,1,LQT1,0.0,11/7/00,1.0,1.0,,,1,,p.R195P,1,,,,,,,Syndrome du QT long,Membre Famille,,,1.0,,00586,Définitif,Définitif,570003,LQT1
321,570698,True,1,LQT1,1.0,5/26/83,1.0,0.0,9/21/21,38.43,1,c.1602del,c.Lys534AsnfsTer59,2,,,,,,,Syndrome du QT long possible,Cas Index,,1.0,1.0,,04299,Définitif,Définitif,570698,LQT1
322,571225,True,1,Control,1.0,8/1/54,1.0,0.0,9/14/20,66.3,0,,,,,,,,,,QT long acquis,Cas Index,,1.0,1.0,,03519,FA,,571225,0
323,571573,True,1,Control,1.0,2/18/92,1.0,0.0,3/2/20,28.11,0,,,,VUS RBM20 et TCAP,,,,,,FV idiopathique,Cas Index,,1.0,1.0,,03545,,,571573,0
324,571731,True,1,Control,1.0,5/10/93,4.0,0.0,2/20/20,26.86,1,c.253G>A,p.Asp85Asn,Variant modifiant,,,,,,,Syndrome du QT long,Cas Index,,1.0,1.0,,03532,Définitif,Définitif,571731,0
325,572004,True,1,LQT2,1.0,10/31/78,1.0,0.0,7/3/20,41.79,2,c.2653_2663del,p.Arg885ValfsTer31),2,,,,,,,Syndrome du QT long,Cas Index,,1.0,1.0,,00707,Définitif,Définitif,572004,Type 2
326,572161,True,1,Control,1.0,12/16/72,1.0,0.0,1/17/23,50.22,0,,,,,,,,,,Syndrome du QT long acquis,Cas Index,,1.0,1.0,,05159,,,572161,0
327,572795,True,1,LQT2,1.0,2/24/53,1.0,0.0,3/25/20,67.26,0,,,,VUS KCNH2 c.2717C>T,,,,,,QT long acquis,Cas Index,,1.0,1.0,,03569,,,572795,Type 2
328,573822,True,1,Control,1.0,12/2/90,1.0,0.0,6/26/20,29.65,0,,,,,,,,,,Syndrome de QT long possible,Cas Index,,1.0,1.0,,03681,pas de sd de LQT congénital,,573822,0
329,573879,True,1,Control,0.0,9/14/77,1.0,0.0,7/20/20,42.96,0,,,,,,,,,,Syndrome du QT long possible,Cas Index,,1.0,1.0,,03703,pas d'évidence de condition génétique (QTL),,573879,0
330,574134,True,1,Control,0.0,3/24/77,1.0,0.0,3/19/20,43.11,0,,,,,,,,,,QT long acquis,Cas Index,,1.0,1.0,,03613,Possible,Possible,574134,0
331,575669,True,1,Control,1.0,9/9/93,1.0,0.0,9/17/20,27.1,0,,,,,,,,,,Syndrome du QT long,Cas Index,,1.0,1.0,,03760,pas d'évidence de LQT congénital/syncope neurocardiogénique typique,,575669,0
332,577636,True,1,LQT1,0.0,9/29/73,1.0,1.0,7/13/09,35.88,1,,p.Gly168Arg,1,PP KCNQ1 Pro73Thr aussi,,,,,,Syndrome du QT long,Cas Index,,,1.0,,03711,Définitif,Définitif,577636,LQT1
333,577693,True,1,Control,0.0,5/27/52,1.0,0.0,3/14/22,69.99,0,,,,,,,,,,FV Idiopathique,Cas Index,,1.0,1.0,,04655,Définitif,,577693,0
334,578307,True,1,Control,1.0,2/28/55,1.0,0.0,7/8/21,66.54,0,,,,,,,,,,FV Idiopathique,Cas Index,,1.0,1.0,,04472,Définitif,,578307,0
335,578436,True,1,Control,1.0,2/19/87,1.0,0.0,8/17/20,33.58,0,,,,,,,,,,QT long acquis,Cas Index,,1.0,1.0,,03736,myocardite,,578436,0
336,578842,True,1,Control,1.0,5/24/61,1.0,0.0,1/13/22,60.81,0,,,,,,,,,,Syndrome du QT long,Cas Index,,1.0,1.0,,04556,Définitif,Définitif,578842,0
337,579253,True,1,LQT1,1.0,5/9/82,1.0,0.0,9/10/20,38.45,1,c.502G>C,p.Gly168Arg,1,VUS KCNQ1 et KCNH2,,,,,,Syndrome du QT long possible vs acquis,Cas Index,,1.0,1.0,,03749,Définitif,Définitif,579253,LQT1
338,579365,True,1,Control,1.0,2/19/69,1.0,0.0,4/1/22,53.26,0,,,,,,,,,,Syndrome du QT long,Cas Index,,1.0,1.0,,04047,Possible,Possible,579365,0
339,579413,True,1,LQT1,0.0,5/13/80,1.0,0.0,9/8/20,40.43,1,c.502G>C,p.Gly168Arg,1,VUS KCNQ1 et KCNH2,,,,,,Syndrome du QT long,Membre Famille,,1.0,1.0,,03749,Définitif,Définitif,579413,LQT1
340,579855,True,1,LQT1,1.0,7/29/54,1.0,0.0,9/17/20,66.32,1,c.502G>C,p.Gly168Arg,1,VUS KCNQ1,,,,,,Syndrome du QT long,Membre Famille,,1.0,1.0,,03749,Définitif,Définitif,579855,LQT1
341,579856,True,1,Control,0.0,7/1/53,1.0,0.0,9/17/20,67.4,0,,,,VUS KCNH2,,,,,,No evidence of LQT,Membre Famille,,1.0,1.0,,03749,pas d'évidence de QT long,,579856,0
342,582141,True,1,Control,1.0,2/2/60,1.0,0.0,2/10/22,62.19,0,,,,VUS HCN4 c.331G>A et DMD c.7904C>G,,,,,,FV Idiopathique,Cas Index,,1.0,1.0,,04533,Définitif,,582141,0
343,583190,True,1,LQT1,1.0,2/22/65,4.0,1.0,1/19/21,56.06,1,c.974G>A,p.Gly325Glu,1,,,,,,,Syndrome du QT long,Membre Famille,,,1.0,,00863,Définitif,Définitif,583190,LQT1
344,584773,True,1,Control,0.0,11/20/76,1.0,0.0,1/18/21,44.28,0,,,,VUS MYH7 c.5459G>A,,,,,,FV idiopathique,Cas Index,,1.0,1.0,,03891,MVP valvulaire s/p ACR,,584773,0
345,584885,True,1,LQT1,0.0,1/1/03,1.0,1.0,9/15/22,19.76,1,c.373T>A,p.Tyr125Asn,2,,,,,,,Syndrome du QT long,Membre Famille,,,1.0,,01949,Définitif,Définitif,584885,LQT1
346,584913,True,1,Control,0.0,12/17/77,1.0,0.0,5/6/21,43.5,0,,,,,,,,,,FV Idiopathique,Cas Index,,1.0,1.0,,04088,Possible,,584913,0
347,586114,True,1,Control,0.0,2/11/59,1.0,0.0,2/11/21,62.17,0,,,,VUS KCNQ1 c.134C>G et SCN5A c.53G>A,,,,,,FV Idiopathique,Cas Index,,1.0,1.0,,03942,Possible,,586114,0
348,588411,True,1,Control,1.0,4/22/97,1.0,1.0,6/4/21,24.18,0,,,,,,,,,,"Screening familiale, QT normal",Membre Famille,,,1.0,,02602,Possible,Possible,588411,0
349,589384,True,1,Control,0.0,8/14/71,1.0,0.0,4/30/21,49.85,0,,,,,,,,,,Syndrome du QT long,Cas Index,,1.0,1.0,,04078,Définitif,Définitif,589384,0
350,589427,True,1,Control,1.0,6/7/71,1.0,0.0,4/29/21,50.03,0,,,,,,,,,,Possible syndrome QT long,Cas Index,,1.0,1.0,,04074,syncope d'allure neurocardiogénique,,589427,0
351,589438,True,1,Control,1.0,3/13/02,1.0,0.0,5/7/21,19.2,0,,,,,,,,,,Syndrome du QT long,Cas Index,,1.0,1.0,,04090,Définitif,Définitif,589438,0
352,590448,True,1,Control,1.0,1/2/73,1.0,0.0,8/4/21,48.72,0,,,,VUS RYR2 c.4797G>A p.Met1599Ile,,,,,,Syndrome du QT long,Cas Index,,1.0,1.0,,04225,,,590448,0
353,592393,True,1,LQT1,0.0,1/9/59,1.0,0.0,7/7/21,62.66,1,c.1085A>C,p.Lys362Arg,1,,,,,,,QT long acquis,Cas Index,,1.0,1.0,,04193,Définitif,Définitif,592393,LQT1
354,592695,True,1,Control,1.0,6/2/74,1.0,1.0,7/14/21,47.25,0,,,,,,,,,,"Screening familiale, QT normal",Cas Index,,1.0,,,04198,Possible,Possible,592695,0
355,593162,True,1,Control,1.0,4/21/78,1.0,0.0,7/23/21,43.37,0,,,,,,,,,,FV Idiopathique,Cas Index,,1.0,1.0,,04213,Définitif,,593162,0
356,593181,True,1,Control,1.0,1/25/80,1.0,0.0,8/6/21,41.64,0,,,,,,,,,,FV Idiopathique,Cas Index,,1.0,1.0,,04335,,,593181,0
357,593914,True,1,Control,1.0,10/8/76,1.0,0.0,6/6/22,45.78,0,,,,VUS FLNC c.6799G>A p.Val2267Ile,,,,,,QT long acquis,Cas Index,,1.0,1.0,,04811,Définitif,Définitif,593914,0
358,594032,True,1,Control,0.0,3/14/63,1.0,0.0,10/27/21,58.78,0,,,,VUS CASQ2 c.928G>A p.Asp310Asn,,,,,,FV Idiopathique,Cas Index,,1.0,1.0,,04410,Définitif,,594032,0
359,595071,True,1,LQT1,1.0,12/4/50,1.0,0.0,9/2/21,70.94,1,c.1017_1019del,p.Phe340del,1,Vus KCNH2 c2612C>T p.Ser871Phe,,,,,,Syndrome du QT long,Cas Index,,1.0,1.0,,04275,Définitif,Définitif,595071,LQT1
360,596540,True,1,Control,1.0,1/21/71,1.0,0.0,10/4/21,50.84,0,,,,,,,,,,Syndrome du QT long,Cas Index,,1.0,1.0,,04366,Définitif,Définitif,596540,0
361,596651,True,1,LQT1,1.0,8/9/98,1.0,1.0,1/20/10,11.48,1,c.502G>C,p.Gly168Arg,1,,,,,,,Syndrome du QT long + ATCD fam,Cas Index,,,1.0,,03711,Définitif,Définitif,596651,LQT1
362,597378,True,1,Control,1.0,11/9/61,1.0,0.0,1/20/22,60.36,0,,,,,,,,,,QT long acquis,Cas Index,,1.0,1.0,,04363,Définitif,Définitif,597378,0
363,597574,True,1,Control,1.0,5/16/94,1.0,0.0,10/27/21,27.53,0,,,,,,,,,,FV Idiopathique,Cas Index,,1.0,1.0,,04374,Définitif,,597574,0
364,597785,True,1,Control,0.0,12/31/55,1.0,0.0,3/11/22,66.37,0,,,,,,,,,,QT long acquis,Cas Index,,1.0,1.0,,04412,"LQT acquis asx et génétique négative, pas d'évidence de la condition familiale",,597785,0
365,597796,True,1,Control,1.0,3/25/00,4.0,0.0,10/27/21,21.65,0,,,,VUS KCNQ1 c.590C>T p.Pro197Leu,,,,,,Syndrome du QT long,Cas Index,,1.0,1.0,,04411,Possible,Possible,597796,0
366,598235,True,1,Control,1.0,5/12/62,1.0,0.0,11/4/21,59.65,0,,,,,,,,,,QT long acquis,Cas Index,,1.0,1.0,,04408,Possible,Possible,598235,0
367,598348,True,1,Control,1.0,11/7/59,1.0,0.0,11/5/21,62.17,0,,,,VUS AKAP0 c.1471A`C p.Met491Leu,,,,,,Syndrome du QT long,Cas Index,,1.0,1.0,,04425,Possible,Possible,598348,0
368,598427,True,1,Control,1.0,10/24/61,1.0,0.0,11/10/21,60.21,0,,,,VUS KCNQ1 c.1128+5G>A,,,,,,TVPNS idiopathique,Cas Index,,1.0,1.0,,04439,,,598427,0
369,598901,True,1,Control,1.0,1/13/51,1.0,0.0,1/17/22,71.21,0,,,,VUS NEXN c864G>T,,,,,,FV idiopathique,Cas Index,,1.0,1.0,,04477,TV polymorphe syncopale,,598901,0
370,599106,True,1,LQT1,0.0,5/23/72,1.0,0.0,11/25/21,49.64,1,c.1085A>G,p.Lys362Arg,1,,,,,,,Syndrome du QT long,Cas Index,,1.0,1.0,,04475,Définitif,Définitif,599106,LQT1
371,599151,True,1,Control,1.0,9/29/77,1.0,0.0,1/17/22,44.42,0,,,,VUS RYR2 c.6320C>T pThr2107Met et PPP1R13L c.158C>T pSer53Phe,,,,,,FV idiopathique,Cas Index,,1.0,1.0,,04476,TV polymorphe syncopale,,599151,0
372,599764,True,1,Control,0.0,3/2/82,3.0,0.0,1/7/22,39.96,0,,,,VUS TNNI3K c.1061G>A p.Arg354His,,,,,,FV Idiopathique,Cas Index,,1.0,1.0,,04507,Possible,,599764,0
373,600455,True,1,LQT2,1.0,2/26/03,4.0,1.0,1/1/15,11.88,2,,,,"St Justine, pas aux correspondances",,,,,,Syndrome du QT long,Membre Famille,,1.0,,,01735,Définitif,Définitif,600455,Type 2
374,601498,True,1,LQT1,1.0,6/22/75,4.0,1.0,1/13/22,46.69,1,c.502G>C,p.Gly168Arg,1,,,,,,,Syndrome du QT long + ATCD fam,Membre Famille,,,1.0,,01820,Définitif,Définitif,601498,LQT1
375,601843,True,1,Control,1.0,1/6/47,4.0,0.0,1/20/22,75.25,0,,,,,,,,,,Syndrome du QT long,Cas Index,,1.0,1.0,,04569,Possible,Possible,601843,0
376,602651,True,1,Control,1.0,12/4/56,1.0,0.0,2/7/22,65.36,0,,,,,,,,,,Syndrome du QT long acquis,Cas Index,,1.0,1.0,,04610,Possible,Possible,602651,0
377,602698,True,1,Control,1.0,3/6/67,1.0,0.0,2/22/22,55.12,0,,,,VUS MYH7 c.4817G>A p.Arg1606His,,,,,,FV Idiopathique,Cas Index,,1.0,1.0,,04606,Possible,,602698,0
378,602858,True,1,Control,1.0,3/16/98,1.0,0.0,2/10/22,23.97,0,,,,VUS c.170T`C p.Ile57Thr,,,,,,Syndrome du QT long,Cas Index,,1.0,1.0,,04612,Possible,Possible,602858,0
379,603199,True,1,Control,0.0,7/17/04,1.0,1.0,9/22/22,18.23,0,,,,"VUS, KCNH2, c.2371C>T, p.Arg791Trp",,,,,,Syndrome QT long possible,Cas Index,,1.0,,,04828,s/p arrêt cardiaque sur CD aberrante connue x 2018,,603199,0
380,604184,True,1,Control,1.0,6/24/51,1.0,0.0,3/11/22,70.91,0,,,,"VUS, CACNA1C, c.76G>A, p.Ala26Thr",,,,,,QT long acquis,Cas Index,,1.0,1.0,,04652,Possible,Possible,604184,0
381,604199,True,1,LQT2,0.0,12/12/46,1.0,1.0,3/11/22,75.45,2,c.1862G>A,p.Ser621Asn,2,,,,,,,"Screening familiale, QT normal",Membre Famille,,1.0,,,01340,Possible,Possible,604199,Type 2
382,604398,True,1,Control,1.0,6/8/77,1.0,0.0,1/26/23,45.76,0,,,,,,,,,,Syndrome du QT long possible,Cas Index,,1.0,1.0,,04656,pas de LQTS,,604398,0
383,604490,True,1,LQT1,0.0,1/2/52,1.0,1.0,3/17/22,70.4,1,c.502G>C,p.Gly168Arg,1,,,,,,,Syndrome du QT long + ATCD fam,Membre Famille,,,1.0,,01820,Possible,Possible,604490,LQT1
384,606442,True,1,Control,1.0,11/23/69,1.0,0.0,4/27/22,52.57,0,,,,,,,,,,Syndrome du QT long,Cas Index,,1.0,1.0,,04750,Possible,Possible,606442,0
385,606461,True,1,LQT1,1.0,10/22/90,3.0,1.0,2/25/22,31.43,1,c.691C>T,p.Arg231Cys,1,,,,,,,Syndrome du QT long + ATCD fam,Cas Index,,,1.0,,04765,Définitif,Définitif,606461,LQT1
386,607035,True,1,LQT1,0.0,2/21/01,1.0,1.0,5/16/22,21.29,1,c.1085A>G,p.Lys362Arg,1,,,,,,,"Screening familiale, QT normal",Membre Famille,,,1.0,,04193,,,607035,LQT1
387,608097,True,1,Control,1.0,7/11/68,1.0,0.0,6/3/22,54.04,4,c.253G>A,p.Asp85Asn,Variant modifiant,Jamais QTL documenté,,,,,,FV Idiopathique,Cas Index,,1.0,1.0,,04822,Possible,,608097,0
388,608532,True,1,Control,0.0,7/18/66,1.0,0.0,6/16/22,56.07,0,,,,Finalement Brugada,,,,,,FV Idiopathique,Cas Index,,1.0,1.0,,04846,Définitif,,608532,0
389,608646,True,1,LQT1,1.0,3/31/54,1.0,1.0,8/10/22,68.55,1,c.1602del,p.Lys534AsnfsTer59,2,,,,,,,Syndrome du QT long + ATCD fam,Membre Famille,,,1.0,,04299,Définitif,Définitif,608646,LQT1
390,608997,True,1,Control,1.0,12/22/75,1.0,0.0,9/1/22,46.82,2,c.526C>T,p.Arg176Trp,Variant modifiant,,,,,,,QT long acquis,Cas Index,,1.0,1.0,,04974,Possible,Possible,608997,0
391,609082,True,1,Control,0.0,4/30/69,1.0,0.0,6/23/22,53.29,0,,,,,,,,,,FV idiopathique,Cas Index,,1.0,1.0,,04867,Possible,,609082,0
392,609113,True,1,Control,0.0,3/21/86,1.0,0.0,6/22/22,36.35,0,,,,,,,,,,FV idiopathique,Cas Index,,1.0,1.0,,04875,ACR sur ICD,,609113,0
393,609321,True,1,Control,1.0,9/9/57,1.0,0.0,6/28/22,64.98,0,,,,,,,,,,QT long acquis,Cas Index,,1.0,1.0,,04870,Possible,Possible,609321,0
394,609435,True,1,Control,1.0,5/20/67,4.0,0.0,6/30/22,55.26,0,,,,,,,,,,Syndrome du QT long,Cas Index,,1.0,1.0,,04877,,,609435,0
395,609711,True,1,Control,0.0,5/18/79,1.0,0.0,7/7/22,43.26,0,,,,VUS ANK2 c.271G>A p.Asp91Asn et SLC4A3 c.1480G>C p.Glyy494Arg,,,,,,FV Idiopathique,Cas Index,,1.0,1.0,,04894,Possible,,609711,0
396,610962,True,1,Control,0.0,3/10/74,4.0,0.0,8/4/22,48.54,0,,,,VUS SCN5A c.1333C>G p.His445Asp et c.1076G>A p.ARG359His,,,,,,FV idiopathique,Cas Index,,1.0,1.0,,04928,,,610962,0
397,611536,True,1,Control,0.0,10/2/69,1.0,0.0,8/20/22,53.03,0,,,,VUS AARS2 c.2218G>A p.Ala740Thr et CDH2 c.1840GÀ p.Glu614Lys,,,,,,FV Idiopathique,Cas Index,,1.0,1.0,,04761,Possible,,611536,0
398,613497,True,1,Control,0.0,6/10/71,1.0,0.0,3/16/23,51.91,0,,,,VUS PPP1R13L c.1675C>G p.Pro559Ala,,,,,,FV idiopathique,Cas Index,,1.0,1.0,,05452,,,613497,0
399,614063,True,1,Control,0.0,5/28/61,1.0,0.0,10/6/22,61.53,0,,,,,,,,,,QT long acquis,Cas Index,,1.0,1.0,,05028,syncope allure HTO,,614063,0
400,616208,True,1,Control,0.0,7/22/72,4.0,0.0,12/21/22,50.55,0,,,,VUS SCN5A c.5233CCC>G pPro1745Ala et LMNA c.286G>T p.Ala96Ser,,,,,,FV idiopathique,Cas Index,,1.0,1.0,,05305,Hx fam ACR réanimé (père),,616208,0
401,616376,True,1,Control,1.0,7/2/97,1.0,1.0,11/29/22,25.48,0,,,,,,,,,,Membre famille avec ECG normal,Membre Famille,,,1.0,,04193,Qt normal à ECG,,616376,0
402,617020,True,1,LQT1,1.0,9/19/68,1.0,1.0,12/2/22,54.35,1,c.502G>C,p.Gly168Arg,1,,,,,,,Syndrome du QT long,Membre Famille,,,1.0,,01820,Définitif,Définitif,617020,LQT1
403,617503,True,1,Control,1.0,11/6/96,1.0,0.0,2/21/23,26.36,0,,,,,,,,,,Syndrome du QT long,Cas Index,,1.0,1.0,,05167,Possible,Possible,617503,0
404,617978,True,1,Control,0.0,6/9/61,1.0,0.0,12/29/22,61.72,0,,,,,,,,,,QT long acquis,Cas Index,,1.0,1.0,,05154,Définitif,Définitif,617978,0
405,618237,True,1,Control,1.0,9/2/47,2.0,0.0,2/10/23,75.65,0,,,,"VUS CACNA1C c.5086G>A, p.Ala166Thr",,,,,,Syndrome de QT long + FV,Cas Index,,1.0,1.0,,05236,probable takotsubo avec tendance aug LQT,,618237,0
406,619043,True,1,Control,1.0,9/21/65,4.0,0.0,4/4/23,57.69,0,,,,,,,,,,TV monomorphe sans cardiopatie,Cas Index,,1.0,1.0,,05340,,,619043,0
407,619888,True,1,Control,0.0,6/10/54,4.0,0.0,1/31/23,68.83,0,,,,"VUS TRDN c.874T>G,  p. Met285Thr",,,,,, QT long acquis,Cas Index,,1.0,1.0,,05207,Possible,Possible,619888,0
408,620366,True,1,LQT1,1.0,2/2/03,2.0,0.0,2/6/23,20.07,1,c.815G>A,p.Gly269Ser,1,,,,,,,Syndrome du QT long,Cas Index,,1.0,1.0,,05225,Définitif,Définitif,620366,LQT1
409,620380,True,1,Control,0.0,4/21/86,1.0,0.0,2/6/23,36.9,0,,,,,,,,,,FV Idiopathique,Cas Index,,1.0,1.0,,05214,Définitif,,620380,0
410,623476,True,1,Control,0.0,5/15/05,2.0,0.0,4/12/23,17.96,0,,,,VUS RYR2 c.213G>A,,,,,1.0,FV Idiopathique,Cas Index,,1.0,1.0,,05361,Possible,,623476,0
411,624285,True,1,Control,0.0,1/2/53,1.0,0.0,5/15/23,70.56,0,,,,,,,,,1.0,,Cas Index,,1.0,1.0,,05584,,,624285,0
412,625198,True,1,Control,1.0,8/26/44,1.0,0.0,5/13/23,78.93,0,,,,,,,,,1.0,Syndrome du QT long,Cas Index,,1.0,1.0,,05441,Définitif,Définitif,625198,0
413,625982,True,1,Control,1.0,8/9/85,1.0,0.0,6/2/23,37.92,0,,,,VUS KCNH2 c.2660G>A p.Arg887His,,,,,1.0,,Cas Index,,1.0,1.0,,05465,,,625982,0
414,626019,True,1,LQT2,1.0,3/20/71,1.0,0.0,5/30/23,52.34,2,c.2785dup,p.Glu929GlyfsTer11,1,,,,,,1.0,QTc (ms) ≥ 480,Cas Index,,1.0,1.0,,05451,,,626019,Type 2
415,626094,True,1,Control,0.0,11/27/52,1.0,0.0,6/5/23,70.71,0,,,,,,,,,1.0,FV idiopathique,Cas Index,,1.0,1.0,,05464,Possible,Possible,626094,0
416,626389,True,1,Control,1.0,6/12/56,1.0,0.0,6/2/23,67.15,0,,,,,,,,,1.0,QT limite ss fleca et BBD,Cas Index,,1.0,1.0,,05479,FA,,626389,0
417,626662,True,1,LQT1,1.0,4/25/64,1.0,0.0,6/8/23,59.28,1,c.502G>C,p.Gly168Arg,1,VUS KCNQ1c.217C>A,,,,,1.0,Syndrome du QT long,Cas Index,,1.0,1.0,,05506,Définitif,Définitif,626662,LQT1
418,453734,True,1,Control,1.0,8/2/89,1.0,0.0,5/9/12,22.83,4,c.253G>A,p.Asp85Asn,Variant modifiant,,,,,,,Syndrome du long QT,Cas Index,,1.0,1.0,,00700,,,453734,0
419,614588,True,1,Control,1.0,6/10/38,4.0,0.0,11/12/22,84.66,4,c.253G>A,p.Asp85Asn,Variant modifiant?,,,,,,,QT long acquis,Cas Index,,1.0,1.0,,05087,,,614588,0
420,52505,True,1,Control,1.0,4/9/37,1.0,0.0,5/17/07,70.3,4,,V80I,4,,2/8/10,,,,,Syndrome du QT long,Cas Index,,1.0,1.0,,00119,,,52505,0
421,118531,True,1,Control,1.0,4/14/45,1.0,0.0,4/26/17,72.23,4,c.253G>A,p.Asp85Asn,,variant modifiant?,,,,,,Syndrome du QT long,Cas Index,,1.0,1.0,,02269,Possible,Possible,118531,0
422,211647,True,1,Control,1.0,10/23/74,1.0,0.0,2/20/10,35.43,4,,D85N,,,,,,,,Syndrome du QT long,Cas Index,,1.0,1.0,,00409,Définitif,Définitif,211647,0
424,317791,True,1,Control,1.0,1/17/39,1.0,0.0,12/6/18,80.1,4,c.253G>A,p.Asp85Asn,Varant modifiant,,,,,,,,Cas Index,,1.0,1.0,,02909,,,317791,0
428,375377,True,1,Control,1.0,11/24/77,1.0,0.0,3/8/10,32.37,3,,P2006A,3,,1/16/12,,,,,Autre diagnostic,Cas Index,FV idiopathique,1.0,1.0,,00022,"syncopes sur TV polymorphes,FV",,375377,0
429,378030,True,1,Control,0.0,7/25/74,1.0,0.0,6/1/06,31.94,0,,,,,6/9/06,,,,,FV Idiopathique,Cas Index,,1.0,1.0,,00039,Possible,,378030,0
430,383635,True,1,Control,0.0,4/1/88,4.0,0.0,1/12/07,18.83,0,,,,RYR2,7/15/16,,,,,"FV idiopathique, puis dx CPVT",Cas Index,,1.0,1.0,,00078,Définitif,,383635,0
431,392556,True,1,LQT1,0.0,12/20/93,1.0,0.0,8/15/07,13.69,1,,R555H,3,Deducted from family history,8/15/07,,,,,Syndrome du QT long,Cas Index,,,1.0,,00165,,,392556,LQT1
432,415309,True,1,Control,1.0,8/31/45,1.0,1.0,5/9/13,67.87,4,,D85N,1FA?,,,,,,,Syndrome du QT long,Membre Famille,,1.0,,,00014,,,415309,0
433,424908,True,1,Control,1.0,5/18/55,1.0,0.0,11/28/16,61.7,4,c.253G>A,p.Asp85Asn,Variant modifiant,,,,,,,Syndrome du QT long,Cas Index,,1.0,1.0,,02080,,,424908,0
437,444323,True,1,Control,1.0,9/23/32,1.0,0.0,7/28/11,79.06,0,,,,"Cat 3 KCNE1 c.253G>A p.D85N, plus recement categorisé comme varian modifiant",,,,,,Syndrome du QT long,Cas Index,,1.0,1.0,,00618,Définitif,Définitif,444323,0
438,479992,True,1,Control,1.0,11/22/89,1.0,0.0,2/28/14,24.33,3,c.3578G>A,p.Arg1193Gln,Variant modifiant,,,,,,,Syndrome du QT long,Cas Index,,1.0,1.0,,01155,,,479992,0
442,552395,True,1,Control,1.0,8/21/43,1.0,0.0,12/17/18,75.53,3,c.3578G>A,p.Arg1193Gln,Variant modifiant,,,,,,,Syndrome du QT long,Cas Index,,1.0,1.0,,02942,Définitif,Définitif,552395,0
443,553027,True,1,Control,0.0,2/9/49,1.0,0.0,1/7/19,70.1,4,c.253G>A,p.Asp85Asn,Variant modifiant,,,,,,,Syndrome du QT long,Cas Index,,1.0,1.0,,02971,,,553027,0
444,568633,True,1,Control,0.0,9/11/00,4.0,0.0,8/27/13,12.99,4,c.253G>A,p.085N,Variant modifiant,,,,,,,Syndrome du QT long,Cas Index,,1.0,1.0,,00831,Définitif,Définitif,568633,0
446,593686,True,1,LQT2,0.0,6/17/04,1.0,,1/1/16,11.57,2,c.3054delC,Thr1019ProfsX38,,"St Justine, pas de rapport",,,,,,Syndrome du QT long,Membre Famille,,1.0,,,01735,Définitif,Définitif,593686,Type 2
448,599490,True,1,Control,1.0,12/7/73,1.0,0.0,10/10/21,47.97,6,c.580G>T,p.Glu194Ter,TRDN,,,,,,,FV Idiopathique,Cas Index,,1.0,1.0,,04521,Définitif,,599490,0
449,601339,True,1,Control,1.0,11/8/69,1.0,0.0,1/10/22,52.32,4,c253G>A,p.Asp85Asn,Variant modifiant,,,,,,,QT long acquis,Cas Index,,1.0,1.0,,04554,tachycardiomyopathie possible,,601339,0
450,606313,True,1,Control,1.0,5/15/70,1.0,0.0,10/26/22,52.59,3,c.6016C>G,p.Pro2006Ala,Variant modifian,,,,,,,TV monomorphe  idiopathique,Cas Index,,1.0,1.0,,05069,TV monomorphe syncopal,,606313,0
